Date,Algerian dinar(DZD),Australian dollar(AUD),Botswana pula(BWP),Brazilian real(BRL),Brunei dollar(BND),Canadian dollar(CAD),Chilean peso(CLP),Chinese yuan(CNY),Czech koruna(CZK),Danish krone(DKK),Euro(EUR),Indian rupee(INR),Israeli New Shekel(ILS),Japanese yen(JPY),Korean won(KRW),Kuwaiti dinar(KWD),Malaysian ringgit(MYR),Mauritian rupee(MUR),Mexican peso(MXN),New Zealand dollar(NZD),Norwegian krone(NOK),Omani rial(OMR),Peruvian sol(PEN),Philippine peso(PHP),Polish zloty(PLN),Qatari riyal(QAR),Russian ruble(RUB),Saudi Arabian riyal(SAR),Singapore dollar(SGD),South African rand(ZAR),Swedish krona(SEK),Swiss franc(CHF),Thai baht(THB),Trinidadian dollar(TTD),U.A.E. dirham(AED),U.K. pound(GBP),U.S. dollar(USD),Uruguayan peso(UYU)
10-Aug-2021,0.00519682,0.516281,0.0632497,0.134903,,0.561675,0.000894514,0.108679,0.03253,0.111012,0.825627,0.00946878,0.218265,0.00638394,0.000615144,2.34117,,0.0164457,0.0350352,0.490995,0.0788717,,0.173483,0.0139844,0.180892,0.1935,0.00957033,0.187824,0.51908,0.0475579,0.0808601,0.764258,0.0210471,0.104166,0.191788,0.976286,0.70434,0.0161365
11-Aug-2021,0.0051983,0.517317,0.0630961,0.135556,0.518485,0.563717,0.000903733,0.108698,0.0325192,0.111075,0.8261,0.00947208,0.219075,0.00637015,0.00061383,2.34253,0.166329,0.0164457,0.0353322,0.493912,0.0790164,1.83351,0.172748,0.0139894,0.180082,0.193677,0.00953074,0.187996,0.518485,0.0476566,0.0807634,0.763424,0.0211187,0.10406,0.191963,0.974147,0.704984,
12-Aug-2021,0.00519627,0.518598,0.0633724,0.134519,0.519008,0.562411,0.000910904,0.108715,0.0325447,0.111143,0.826588,0.00947931,0.218609,0.00638095,0.000609643,2.3405,0.166247,0.0164365,0.0354004,0.495291,0.0796671,1.83131,0.171909,0.0139679,0.180206,0.193445,0.00957137,0.18777,0.519008,0.0478737,0.0810705,0.7635,,0.103964,,0.975302,0.704138,0.0162457
13-Aug-2021,0.00519422,0.516562,0.063083,0.134187,0.518294,0.562611,0.000911063,0.10865,0.0326267,0.111378,0.828316,0.00947616,0.218446,0.00637439,0.000607517,,0.166226,0.0164514,0.0354502,0.493329,0.0798352,,0.172943,0.0139712,0.180832,,0.00958256,,0.518294,0.0474581,0.0810334,0.763654,0.0211547,0.104332,,0.971872,0.704051,0.0162493
16-Aug-2021,,,,,,,,0.108466,,,0.827189,,,0.00641771,,,,,,,,,,,,,,,,,,0.769001,,,,0.973908,0.702675,
17-Aug-2021,,,,,,,,0.108509,,,0.827559,,,0.00643447,,,,,,,,,,,,,,,,,,0.771741,,,,0.969975,0.703288,
18-Aug-2021,,0.511577,0.0630749,0.132924,0.518045,0.557995,0.000892515,0.108749,0.0324769,0.111092,0.826176,0.00948514,,0.00643194,0.000599837,2.34213,0.166528,0.0164549,0.0352186,0.484937,0.0792725,1.83289,0.172394,0.0139394,0.181351,0.193612,0.0095932,0.187933,0.518045,,0.0807262,0.769964,0.0212267,,0.191899,0.969169,0.704748,0.0163405
19-Aug-2021,,0.507204,0.0626422,0.130216,0.517064,0.551462,0.000895545,0.108651,0.0323592,0.110943,0.825071,,0.217524,0.00641417,0.000601543,2.34284,0.166375,0.0164576,0.0350655,0.483361,0.0782429,1.83467,0.17193,0.0140105,0.179837,0.193799,0.00951352,,0.517064,0.0465188,0.0804642,0.769071,0.021115,0.104459,0.192084,0.965593,0.70543,0.0163271
20-Aug-2021,0.00519767,0.503664,0.062349,0.130114,0.517785,0.549241,0.000893825,0.10864,0.0322481,0.110814,0.824094,0.00948714,,0.00642731,0.000601195,,0.166613,0.0164482,0.0346095,0.48121,0.0777451,,0.171927,0.0139787,0.179666,,0.00949524,,0.517785,0.0461098,0.0800426,0.770267,0.0211725,0.10451,,0.96182,0.706104,0.0163355
23-Aug-2021,0.00519689,0.504838,0.06225,0.131331,0.518332,0.555893,0.000896435,0.108621,0.0323803,0.11108,0.826099,0.00949133,0.218261,0.00641827,0.000599119,2.34214,0.166682,0.0164475,0.0345738,0.482561,0.0787735,1.83351,0.171779,0.0139811,0.18027,0.193677,0.00951823,0.187995,0.518332,0.046415,0.0802284,0.769212,0.0211434,0.104173,0.191963,0.964135,0.704983,0.0164083
24-Aug-2021,0.00519623,0.50953,0.0625467,0.13287,0.51913,0.558657,0.000899215,0.108742,0.0323975,0.111188,0.826913,0.00950061,0.21888,0.00641723,0.000599962,2.34083,0.166988,0.016465,0.0347029,0.485371,0.0795082,1.83187,0.172256,0.0140226,0.180206,0.193504,0.0095252,0.187828,0.51913,0.04674,0.0808915,0.771093,0.0212597,0.104198,0.191792,0.966305,0.704355,0.0164527
25-Aug-2021,0.00519914,0.510154,0.062669,0.134228,0.519627,0.558005,0.000900247,0.108743,0.0323864,0.111124,0.826386,0.00947717,0.218205,0.00641065,0.000602865,2.34013,0.167057,0.0164804,0.0346984,0.488396,0.0795654,1.83133,0.172079,0.0140383,0.181159,0.193447,0.00954867,0.187772,0.519627,0.0440306,0.0810341,0.770653,0.0214424,0.103967,0.191735,0.966159,0.704146,
26-Aug-2021,0.00519645,0.511158,0.0626984,0.134232,0.519863,0.55623,0.000898671,0.108552,0.032416,0.111344,0.828027,0.00947626,0.218468,0.00639715,0.000603246,2.3386,0.167884,0.01646,0.0345754,0.490117,0.0799135,1.83013,0.172008,0.0140529,0.18084,0.19332,0.00951045,0.18765,0.519863,0.0472073,0.0809383,0.768594,0.02148,0.103876,0.19161,0.966724,0.703686,0.0165173
27-Aug-2021,0.00519892,0.510319,0.0628833,0.134916,0.520574,0.557325,0.000896976,0.108705,0.0324029,0.111372,0.828186,0.00949885,0.217877,0.00640164,0.000602842,,0.167902,0.0164724,0.0348099,0.488771,0.0799605,,0.172975,0.014111,0.180661,,0.00951767,,0.520574,0.0472507,0.0808937,0.767248,0.0215431,0.10415,,0.96522,0.70418,0.0165573
30-Aug-2021,0.00519606,0.512932,0.0631939,0.135321,0.521892,0.557753,0.000896156,0.108689,0.0324457,0.111556,0.829535,0.00956366,0.218168,0.00640547,0.000600389,2.33728,0.16861,0.0164459,0.034902,0.492407,0.0810133,1.82818,,,0.181525,0.193114,0.00955408,0.18745,0.521892,0.0480195,0.0813009,0.768446,0.0216241,0.103891,0.191405,,0.702936,0.0165654
31-Aug-2021,0.00519402,0.515006,0.0633313,0.136528,0.522217,0.556488,0.00090019,0.108687,0.0325523,0.111739,0.83089,0.0095979,,0.00639047,0.00060299,2.33457,,0.0164271,0.0350002,0.49331,0.0809837,1.82606,0.172046,0.0140312,0.182911,0.19289,0.00958159,0.187232,0.522217,0.0482785,0.0817142,0.768227,0.0217119,,0.191183,0.96675,0.702121,0.0165345
01-Sep-2021,0.00518104,0.51467,0.0635169,0.136246,0.522434,0.557326,0.000906444,0.108691,0.0326922,0.111657,0.830287,0.00963037,0.219363,0.0063724,0.000604249,2.33623,0.16951,0.0164215,0.0351988,0.494856,0.0808987,1.82736,0.17238,0.0141196,0.183749,0.193028,0.0095998,0.187366,0.522434,0.048632,0.0813379,0.766593,0.0217368,0.104257,0.19132,0.966877,0.702621,0.0165163
07-Sep-2021,0.00514929,0.520483,0.064026,,0.522712,0.555638,0.000910351,0.108583,0.0327177,0.111845,0.831707,0.00956956,,0.0063868,0.000605954,2.33368,0.169124,0.0164192,0.035162,0.501058,0.0807562,1.82385,0.171042,0.0140451,0.184346,0.192657,0.0095814,0.187006,0.522712,0.0489726,0.0820258,0.767381,0.0215782,0.103686,0.190952,0.967158,0.701271,0.016466
08-Sep-2021,0.00515259,0.518783,0.0638642,0.133778,0.522013,0.554258,0.000903125,0.108718,0.0327221,0.111745,0.830938,0.00953916,,0.00637142,0.000606768,2.33647,0.169019,0.0164442,0.0352376,0.499603,0.0809486,1.82725,0.171905,0.0140662,0.183858,0.193016,0.00956641,0.187354,0.522013,0.0491644,0.0817302,0.762883,0.0214331,0.103896,0.191308,0.967097,0.702577,0.0164542
09-Sep-2021,0.00514692,0.515826,0.0640132,0.132888,0.521509,0.554685,0.000891289,0.108705,0.0327119,0.111739,0.830908,0.00952519,0.219138,0.00636932,0.000602747,2.33422,0.169214,0.0164029,0.035215,0.497646,0.0809469,1.82549,0.171446,0.0139999,0.183302,0.192829,0.00959809,0.187173,0.521509,0.0496862,0.0813881,0.763432,0.0214399,0.10367,0.191123,0.969463,0.701899,0.0164437
10-Sep-2021,0.0051461,0.517802,0.0641115,,0.523345,0.555331,0.000886461,0.108914,0.032842,0.111694,0.830574,,0.219131,0.0063895,0.000599469,,0.169368,0.0163818,,0.498022,0.0814065,,0.171375,,0.182657,,0.00964045,,0.523345,0.0498236,0.0815959,0.764261,0.0214599,0.103453,,0.973071,0.701439,0.0164102
13-Sep-2021,,,,,,,,0.108942,,,0.828115,,,0.00639309,,,,,,,,,,,,,,0.187462,,,,,,,,0.972121,0.702984,
14-Sep-2021,0.00514839,0.515411,0.0641104,,0.522933,0.554613,0.00089536,0.108991,0.0326724,0.11156,0.829573,0.00953792,0.218684,0.00637953,0.000597969,2.3352,0.169244,0.0164541,0.03528,0.499401,0.0815349,1.82625,0.171267,0.0140425,0.18219,0.192911,0.00965653,0.187252,0.522933,0.049325,0.0817961,0.761393,0.0213278,0.103841,0.191204,0.973874,0.702195,0.0164572
15-Sep-2021,0.00514039,0.513534,0.0636746,0.133396,0.522044,0.554313,0.000895323,0.108944,0.0327509,0.111506,0.829172,0.00951881,,0.00639604,0.000598244,2.3321,0.168593,0.0164364,0.0352388,0.496493,0.0817579,,0.170831,0.0140508,0.182264,0.192654,0.00962584,0.187003,0.522044,0.0490834,0.0816028,0.76511,0.0213065,0.103852,0.190949,0.969565,0.701262,0.0164442
16-Sep-2021,0.00514654,0.514169,0.0635947,0.133624,0.52382,0.554445,0.000898771,0.109034,0.0326946,0.111161,0.826591,0.00956957,,0.00642325,0.00059973,2.33689,,0.0164685,,0.500677,0.0816035,1.82758,0.170974,0.0140947,0.18089,0.193051,0.00970145,0.187388,0.52382,0.048545,0.0816955,0.760009,0.0213419,0.104038,0.191342,0.971418,0.702704,0.0164911
17-Sep-2021,,0.513367,0.0633361,0.13239,0.522292,0.552593,,0.108948,0.0327351,0.111361,0.828079,0.00956494,0.219193,0.00640212,0.000601277,,0.168574,0.0164484,0.0351735,0.496425,0.0818196,,0.17116,0.0141008,0.180791,,0.00968786,,0.522292,0.0481846,0.0816381,0.757942,0.021186,,,0.969583,0.702953,0.016463
20-Sep-2021,0.0051485,0.510376,0.0629424,0.132176,0.521449,0.549456,0.000902961,,0.0324618,0.111007,0.82544,0.00957069,0.219372,,,2.34167,0.16826,0.0164951,0.034939,0.495504,0.0805856,1.83314,0.171244,0.0141045,0.179431,0.193638,0.00961172,0.187958,0.521449,0.0475912,0.0808713,0.757447,0.0211265,0.104134,0.191924,0.965246,0.704842,0.0164525
21-Sep-2021,0.00515728,0.511946,0.0631832,0.132807,0.52134,0.550256,0.00089383,,0.0325455,0.111189,0.826805,0.00957163,,0.00642979,,2.34014,0.168131,0.0164886,0.0349677,0.494618,0.081196,1.83195,0.171383,0.014045,0.179064,0.193512,0.00962184,0.187835,0.52134,0.0475579,0.0812006,0.761783,0.0210716,0.104089,0.191799,0.964019,0.704383,0.016481
22-Sep-2021,0.00515661,0.510749,0.0630511,0.133483,0.520797,0.552275,0.000897315,0.108911,0.0325576,0.111119,0.826287,0.00954549,0.219602,0.00645012,,2.34047,0.168194,0.0164911,0.0351664,0.494758,0.0815939,,0.17149,0.0140523,0.178531,0.193539,0.00966625,0.187862,0.520797,0.0476507,0.0812758,0.764039,0.0210658,0.104053,0.191826,0.960984,0.704482,0.0165274
23-Sep-2021,0.00515904,0.510498,0.0630019,0.133255,0.521396,0.556958,0.000897697,0.109009,0.0325641,0.111021,0.825578,0.00955861,0.220018,,0.000598437,2.34126,0.168331,0.0164855,0.0351867,0.493162,0.0818537,,0.171506,0.0140433,0.179519,0.193604,0.00969026,,0.521396,0.0482365,0.0813087,0.762229,0.0210376,0.104007,0.191891,0.964197,0.704719,0.0165443
24-Sep-2021,0.0051617,0.51422,0.0630003,0.131895,0.522001,0.555758,0.000895154,0.109048,0.0325002,0.111057,0.825839,0.00956259,0.22015,0.00638316,0.000596345,,0.168548,,0.0350392,0.49766,0.0818554,,0.171627,0.0139899,0.179459,,0.00965237,,0.522001,,0.081607,0.763697,,,,0.965088,0.704701,0.0165078
27-Sep-2021,0.00515883,0.513781,0.0627767,0.131911,0.521597,0.558167,0.00089401,0.109185,0.0324227,0.110964,0.825125,0.00957626,0.220149,0.00636603,0.00060015,2.3426,0.168544,0.0164963,0.0350833,0.495372,0.0819752,,0.171161,0.0139891,0.17959,0.193779,0.00970745,0.188095,0.521597,0.046816,0.0813747,0.761477,0.0210982,0.104321,0.192064,0.966338,0.705356,0.016522
28-Sep-2021,0.00516542,0.516483,0.0626704,0.130358,0.521858,0.557211,0.000888197,0.109436,,0.110961,0.825101,0.00957705,,0.00636353,0.000600853,2.34576,0.168908,0.01653,0.0347948,0.494863,0.0816766,,0.171325,0.0138753,0.178664,0.194105,0.00974431,0.188411,0.521858,0.046806,0.0809764,0.761197,0.0209831,0.104527,0.192387,0.96104,0.706543,0.0165018
29-Sep-2021,0.00516805,0.513179,0.0626087,0.130604,0.521098,0.555249,0.000885821,0.109372,0.0323861,0.110874,0.824454,0.00954032,0.22025,0.00633739,0.000598514,2.34758,0.169043,0.0165456,0.0345133,0.49139,0.0812835,1.8399,0.171501,0.0138859,0.178269,0.194352,0.00972286,0.188651,0.521098,0.0470659,0.0810182,0.761961,0.0208963,0.1048,0.192633,0.955402,0.707443,0.0164967
30-Sep-2021,0.00517449,0.511473,,0.130505,0.521481,,0.000883271,0.109817,0.0322338,0.110524,0.821864,0.00955878,0.219817,0.00634249,0.000599028,2.35302,0.169481,0.0165962,0.0345189,0.487908,0.0808525,1.846,0.171778,0.0139286,0.17778,0.194997,0.00976806,0.189277,0.521481,0.0468082,0.0807394,0.757956,0.0209396,0.105207,0.193271,0.9536,0.709788,0.0165298
01-Oct-2021,0.00516005,0.510811,,0.131412,0.520751,0.559805,0.000872493,,0.0324661,0.110487,0.821717,0.00953858,0.219516,0.00635886,0.000597686,,0.169286,0.0165727,0.0345376,0.488709,0.0820042,,0.171645,0.0139228,0.178531,,0.00971424,,0.520751,0.0473492,0.080689,0.759531,0.0210045,0.105105,,0.95723,0.708377,0.0164961
04-Oct-2021,0.00516088,,0.0628323,0.130553,0.521269,0.562323,0.000880173,,0.032517,0.110702,0.82333,0.00953049,0.219947,0.00637624,,2.34684,0.1696,0.0165432,0.0343903,0.49063,0.0825223,,0.171449,0.0139037,0.179733,0.194388,0.00970287,0.188686,0.521269,0.047492,0.0808172,0.762346,0.0209912,0.104687,0.192667,0.961624,0.707571,0.0164574
05-Oct-2021,0.00516148,0.514272,0.0625055,0.129636,0.52111,0.562923,0.000878378,,0.0324461,0.110418,0.821278,0.00949778,0.219225,0.00638186,0.000596257,2.34785,,0.0165523,0.0343933,0.492399,0.0828274,,,0.0139499,0.17836,0.194471,0.00975458,0.188767,0.52111,0.0472827,0.0809769,0.763373,0.0209381,0.104653,0.19275,0.964446,0.707876,0.0164492
06-Oct-2021,0.00516504,0.515079,0.0625757,0.128782,0.522595,0.562495,0.000875214,,0.0322123,0.110068,0.818876,0.00950667,0.218636,0.00635616,0.000597654,2.35315,0.169751,0.0165862,0.0342829,0.494291,0.082523,,0.171744,0.0139906,0.177404,0.194911,0.00977667,0.189193,0.522595,0.0468994,0.0807948,0.763246,0.0209303,0.104825,0.193186,0.96297,0.709475,0.016387
07-Oct-2021,0.00516185,0.516042,0.0627953,0.128551,0.521716,0.564382,0.000868269,,0.0322526,0.110143,0.819458,0.0094676,0.219564,0.00636336,0.000595589,2.34997,0.169497,0.0165555,0.0343987,0.490385,0.0824503,,0.17295,0.0139628,0.180188,0.194712,0.0098049,0.189,0.521716,0.0476716,0.0807105,0.76539,0.0209714,0.104583,0.192989,0.963512,0.708751,0.0163699
08-Oct-2021,,0.517271,0.0627274,0.128687,0.521779,0.567845,0.000871149,0.10992,0.0322336,0.110195,0.819992,0.00945121,0.21937,0.00634429,0.000595467,,0.169484,0.0165453,0.0341924,0.492038,0.0829492,,,0.0139709,0.178198,,0.00984584,,0.521779,0.0475664,0.0805803,0.762995,0.0209186,0.104553,,0.966002,0.708784,0.0163243
12-Oct-2021,0.0051671,0.521578,0.0625978,,0.523358,0.569558,0.00086533,0.109919,0.0323176,0.110214,0.820088,0.00942001,0.220002,0.00625419,0.000594709,2.35164,0.170116,0.0165284,,0.491627,0.0831665,,0.174723,0.0140082,0.178935,0.19498,0.00987375,0.18926,0.523358,0.047486,0.0809783,0.764503,0.0211979,0.105015,0.193254,0.966327,0.709726,0.0162695
13-Oct-2021,0.00516544,0.520795,0.0627934,0.127926,0.523793,0.570133,0.000857376,0.110058,,0.110253,0.820359,0.00940303,0.219329,0.00625247,0.000591719,2.35099,0.170622,0.0165197,,0.491988,0.0832391,1.84533,0.177516,0.0139594,0.179002,0.194926,0.0098741,0.189208,0.523793,0.0476897,0.0808959,0.765074,,,0.193201,0.966664,0.70953,0.0162089
14-Oct-2021,0.00516437,0.523084,0.0630137,0.128773,0.524575,0.572275,0.000863238,0.109999,0.0323562,0.1104,0.821444,0.00940216,0.219813,0.00624466,0.000592485,2.34676,0.170348,0.0164721,0.0343573,0.493914,0.0838825,1.8414,0.179883,0.0139682,0.179687,0.194511,0.0098631,0.188805,0.524575,0.0478479,0.0817697,0.769586,0.0213201,,0.192789,0.970659,0.708019,0.016128
15-Oct-2021,0.00516785,0.52568,0.0630363,0.129949,0.52523,0.572157,0.000867121,0.110175,0.0323471,0.110445,0.821738,,0.220029,0.00621892,0.000596039,,0.17034,0.016485,0.0346053,0.498341,0.0841729,,,0.013995,0.179705,,0.00994247,,0.52523,0.0482178,0.0821186,0.766903,0.0213014,0.104718,,0.973557,0.708273,0.0161378
18-Oct-2021,,0.524619,0.0632122,0.12841,0.524853,0.572652,0.000857741,0.110148,0.0323086,0.110527,0.822326,0.00940569,0.219466,0.0062016,0.000599135,2.3481,0.170187,0.0164984,0.0348086,0.501658,0.0842176,1.84306,0.179725,0.0139813,0.179539,0.194686,0.00995705,0.188975,0.524853,0.0479795,0.0819607,0.765785,0.0211811,0.10493,0.192963,0.972844,0.708657,0.0161927
19-Oct-2021,,0.526523,0.0632816,0.127221,,0.571553,0.000860998,0.110335,0.0322747,0.110631,0.823155,,0.219884,0.00618773,0.000595605,,,0.0164494,0.0348521,0.501168,0.0845648,,0.17921,0.013901,0.180115,0.19403,0.00995201,0.188338,0.524911,0.0484223,0.0820507,0.768434,0.0211863,0.104419,0.192313,0.976521,0.706268,0.0161204
20-Oct-2021,0.00516216,0.530383,0.0634422,0.127287,0.5264,0.573665,0.000869599,0.110623,0.0322146,0.110487,0.822061,0.00942391,0.219991,0.00617434,0.00059852,2.34545,0.170201,0.0164806,0.0350394,0.506194,0.0843707,1.83946,0.179602,0.013935,0.179383,0.194305,0.00995378,0.188606,0.5264,0.0487842,0.0820395,0.766357,0.0211618,0.104491,0.192586,0.973276,0.707271,0.0161533
21-Oct-2021,0.00516169,0.530685,0.0636143,0.125286,0.526539,0.572282,0.000870958,0.110454,0.0321109,0.110547,0.822533,0.00945416,0.220126,0.00618612,0.000601247,,0.170053,0.0164763,0.0348804,0.509339,0.0847401,1.8383,0.179034,0.0139133,0.179175,0.194183,0.00995664,0.188487,0.526539,0.0485983,0.0822589,0.769293,0.021177,0.104436,,0.975632,0.706826,0.0161023
22-Oct-2021,0.00516154,0.528407,0.0632505,0.123743,0.525279,0.571911,0.000864361,0.110574,0.0320373,0.110463,0.821904,0.00945007,0.22009,0.00619812,0.000601046,,0.169964,0.0164864,,0.506216,,,0.178643,0.0139075,0.17857,,0.009973,,0.525279,0.0482477,0.0823883,0.771012,,0.10441,,0.974306,0.70671,0.0161062
25-Oct-2021,0.00516541,0.52932,0.0629218,0.126322,0.525836,0.571117,0.000865789,0.110799,0.0318778,0.11026,0.820316,0.00942408,0.22052,0.00621745,0.000599954,2.34528,0.170379,0.0164632,0.0350172,,0.0844828,1.83872,0.178217,0.0139083,0.178975,0.194227,0.0100804,0.18853,0.525836,0.0478031,0.0824608,0.769174,,0.104494,0.192508,0.97359,0.706986,0.0161897
26-Oct-2021,0.00515582,0.531171,0.0631186,0.126683,0.524772,0.571117,0.000872439,0.110729,0.0319436,0.110385,0.821178,0.00940956,0.220811,0.00620285,0.000603187,2.34316,0.17044,0.0164645,0.0350103,0.506645,0.084808,1.83827,0.17728,0.0139227,0.17786,0.19418,0.0101623,0.188484,0.524772,0.0479551,0.0820228,0.769071,0.0213417,0.105515,0.192462,0.977384,0.706815,0.0162337
27-Oct-2021,0.00516328,0.532814,0.0628673,0.127192,0.525041,0.57288,0.00087777,0.110874,0.0320259,0.110552,0.822443,0.00944559,0.221863,0.00620206,0.000607018,2.34697,0.170635,0.0164665,0.0350599,0.506974,0.0844676,1.84126,0.177747,0.013958,0.177814,0.194496,0.0101413,0.188791,0.525041,0.0472018,0.0822871,0.76982,0.0212947,0.104794,0.192775,0.970832,0.707965,
28-Oct-2021,0.00515802,0.531306,0.0623984,0.126067,0.524942,0.572893,0.000879582,0.110636,,0.11025,0.820164,0.00945536,0.222124,0.00622768,0.000605654,2.34532,0.17035,,0.0348068,0.506545,0.0841469,1.83996,0.177979,0.0139314,0.177141,0.194359,0.010032,0.188657,0.524942,0.0467631,0.0823994,0.770281,0.0212548,0.105105,0.192639,0.973543,0.707465,0.0160959
29-Oct-2021,0.00516111,0.533143,0.0622448,0.125217,0.525531,0.570514,0.000877157,0.11056,0.0320201,0.1106,0.822747,0.0094473,0.223725,0.00621667,0.000602991,,0.170493,0.016423,,0.507284,0.0843883,1.83751,0.177251,0.0139162,0.178127,,0.0100188,,0.525531,0.0464472,0.0829302,0.775505,0.0212911,0.104662,,0.973873,0.706524,0.0159916
01-Nov-2021,,0.53196,0.0620206,0.125037,0.52512,0.573098,,0.110701,0.0320133,0.11031,0.820657,0.00945961,0.226167,0.00621107,0.000606025,2.34899,0.170941,,0.0339796,0.507931,0.0842845,1.84345,,,,0.194727,0.00997108,0.189015,0.52512,,0.0825317,0.776307,0.0212154,0.105174,0.193004,0.969471,0.708807,0.0160454
02-Nov-2021,0.00516334,0.530839,0.0616727,,0.525429,0.570838,0.000873177,0.110644,0.0321309,0.110429,0.821571,0.00947101,0.22622,0.00620568,0.000601945,2.34732,0.17066,,,0.508322,0.0839023,1.84153,0.176708,,0.178032,,0.00990606,0.188818,0.525429,0.0459053,0.0830832,0.775837,0.0212601,0.105034,0.192803,0.966796,0.708068,
03-Nov-2021,0.00516247,0.52669,0.0617719,0.125012,0.525047,0.570503,0.000869813,0.110697,0.0321063,0.110268,0.820177,0.00949991,,,0.000602631,2.34839,0.170553,0.0164855,0.0339998,0.504447,0.083174,1.84237,0.176745,0.0140407,0.178522,,0.00990931,0.188905,0.525047,,0.0827804,,0.0212431,0.104845,0.192891,0.967169,0.708393,0.0160444
04-Nov-2021,0.00515782,0.528409,0.0620781,0.126835,,0.569896,0.000869953,0.110937,0.0322161,0.110354,0.820779,,0.227028,0.00621519,0.000600681,2.35194,,,0.0343996,0.508473,0.0832519,1.84516,0.177056,0.0140377,0.178226,,,0.18919,,0.0465285,0.0827508,,0.0212573,,0.193183,0.964126,0.709464,0.0161337
05-Nov-2021,0.00516057,0.525553,0.0622394,0.128135,0.525475,0.570587,0.000871153,0.111015,0.0323895,0.110038,0.818419,,0.227869,0.00624501,0.000602114,,0.170813,0.0165268,0.034841,0.504807,0.0827707,,0.177181,0.0140506,0.17802,,,,0.525475,0.0465669,0.0827263,0.775057,0.0213195,0.105019,,0.955083,0.710495,0.0162924
08-Nov-2021,0.00514996,0.524591,0.0625424,0.127487,0.524869,0.569602,0.000872843,0.110835,0.0325155,0.110383,0.821065,0.0095681,0.22852,0.00624261,0.000598294,2.34995,0.170641,0.0164861,0.0348854,0.503956,0.0831504,1.84421,0.176921,0.0140446,0.178403,0.194807,0.00993169,0.189093,0.524869,0.047215,0.0825685,0.774843,0.0214294,0.104778,0.193083,0.958452,0.709098,0.0162914
09-Nov-2021,0.00514827,0.524953,0.0626969,0.128922,0.525899,0.569119,0.000878292,0.11077,0.0325554,0.110271,0.82016,0.00958398,0.228087,0.00625553,0.000598192,2.34894,0.170626,0.0164544,0.0349272,0.506605,0.0832185,1.84249,0.176536,0.0141008,0.178799,0.194626,0.0099379,0.188917,0.525899,0.0472162,0.0828051,0.77442,0.0216034,0.104496,0.192904,0.961387,0.708439,0.0162822
10-Nov-2021,0.00515358,0.522751,0.0624349,0.129981,0.526483,0.569778,0.000889328,0.110981,0.0325229,0.110255,0.820026,0.00956623,0.228205,0.006287,0.000602077,2.35241,0.170907,0.0164763,0.0346596,0.50551,0.0829587,1.84522,0.176446,0.0141804,0.178546,0.194914,0.0100359,0.189197,0.526483,0.0467023,0.0825341,0.776118,0.0216538,0.105025,0.193189,0.958093,0.709488,0.0162458
11-Nov-2021,0.00515311,0.519948,0.0618613,0.131426,0.525403,,0.000899152,0.111153,,0.109692,0.815801,0.0095585,,0.0062472,0.000602767,2.3564,0.171019,0.0165249,0.0347843,0.503006,0.0818296,1.85141,0.177258,0.014218,,0.195568,0.00999865,0.189831,0.525403,0.0468132,0.0815736,,0.0216485,0.105401,,0.953832,0.711868,0.0162423
12-Nov-2021,0.00516062,0.518868,0.0620904,0.131391,0.525146,0.56669,0.000899843,0.111386,0.0322953,0.109608,0.81515,0.00956159,0.228807,0.0062329,0.000601035,,0.170845,0.0165404,0.0347218,0.499785,0.0819178,,0.177126,0.0141876,0.175558,,0.00991545,,0.525146,0.0466286,0.0815426,0.771573,0.0217028,0.105426,,0.953679,0.712046,0.0161473
15-Nov-2021,0.0051596,0.522659,0.062067,,0.526463,0.568649,0.000892176,0.111541,0.0323051,0.109521,0.814559,0.00957272,0.229458,0.00624476,0.000603406,2.3561,0.171162,0.0165093,,0.501163,0.0821355,1.85118,0.177856,0.014235,0.175761,0.195543,0.00984855,0.189807,0.526463,0.0468354,0.0814578,0.77384,0.0217623,0.105386,0.193813,0.95663,0.711778,0.0161328
16-Nov-2021,0.00515409,0.52484,0.0622328,0.130314,0.527713,0.568669,0.000889918,0.111865,0.0321636,0.109095,0.81131,0.00958557,0.230964,0.00624993,0.00060471,2.36044,0.171516,0.016524,0.0342963,0.502858,0.0820641,,0.178598,0.0142933,0.173809,0.196066,0.00983635,0.190314,0.527713,0.046822,0.0812199,0.769507,0.0218024,0.105994,0.194331,0.95972,0.713679,0.0162071
17-Nov-2021,0.00514971,0.520535,0.0617439,0.129963,0.525732,0.56739,0.000886371,0.11189,,0.108743,0.808673,0.0096084,0.232475,0.00622227,0.000605822,2.36124,0.170984,,0.0345378,0.499596,0.0817708,1.85859,0.178612,0.0142152,0.173437,0.196326,0.00981325,0.190567,0.525732,0.0461367,0.0804562,0.768046,0.0218087,0.105882,0.194589,0.961496,0.714628,0.0162029
18-Nov-2021,0.0051496,0.519217,0.0618234,0.128713,0.526317,0.56591,0.000871072,0.111936,0.0321025,0.108915,0.809915,0.00962705,0.23186,0.00625292,0.000603156,2.36038,0.170797,0.0164539,0.0343834,0.500084,0.0813798,,0.177852,0.014166,0.173638,0.196125,0.00983298,0.190372,0.526317,0.0457065,0.0805961,0.770322,0.0218893,0.105582,0.19439,0.962832,0.713896,0.0161544
19-Nov-2021,0.00515697,0.520123,0.0617083,0.128656,0.526697,0.565744,0.000856781,0.112013,0.0317107,0.108373,0.805926,,,0.00625421,0.000605713,,0.17094,0.0164963,,0.503105,0.080205,,0.178093,0.0142147,0.172478,,0.0098272,,0.526697,0.0455078,0.0803402,0.771686,0.0219238,0.105716,,0.961877,0.715044,0.0162068
22-Nov-2021,0.00515148,0.518941,0.0613886,0.128143,0.525358,0.564263,0.000859214,0.112096,0.0317979,0.108504,0.806924,0.00961885,0.231624,0.00627123,0.00060455,2.36485,0.170842,0.0164883,0.0341305,0.500124,0.0801197,1.86082,0.178203,0.0142153,0.170944,0.196562,0.00974104,0.190796,0.525358,0.0454136,0.0799139,0.771288,0.0217704,0.105713,0.194822,0.96154,0.715485,
23-Nov-2021,0.00515691,0.517723,0.0612291,0.127009,0.524752,0.564231,0.000887183,0.112311,0.0317242,0.108553,0.807234,0.00962319,0.230536,,0.000603813,2.3674,0.171094,0.0165374,0.0338022,0.498364,0.0801547,1.86468,0.179108,0.014152,0.171143,0.196969,0.00958095,0.191191,0.524752,0.0450384,0.079726,0.768454,0.0216797,0.105836,0.195226,0.957726,0.716968,0.0162563
24-Nov-2021,0.00516146,0.517181,0.0612668,0.128061,0.524921,0.565915,0.000885757,0.112292,0.0315234,0.108102,0.80393,0.00964179,0.226455,0.00622806,0.000603423,2.36886,0.170406,0.0165384,0.033468,0.497452,0.0801844,1.86583,,0.0141565,0.171777,0.197091,,0.191309,0.524921,0.0451829,0.0792622,0.766423,0.021549,0.106176,0.195346,0.959428,0.71741,0.0162464
29-Nov-2021,0.00515037,0.510715,0.0606563,0.127475,0.522031,,0.000861854,0.11203,0.0314246,0.108456,0.806558,0.0095256,0.226572,0.006291,0.00059957,2.3638,0.16872,0.016499,0.032912,0.488112,0.0789657,,0.176701,0.0141759,0.171832,0.196507,,0.190743,0.522031,0.0442054,0.0781581,0.774246,0.0211962,0.106518,0.194768,0.954336,0.715287,0.0162562
30-Nov-2021,0.00514959,0.509996,0.0604656,0.127041,0.521613,0.558068,0.000853178,0.112041,0.0317774,0.109076,0.811182,0.00950718,0.225769,0.00627311,0.00059819,2.35915,0.168906,0.0164941,0.0332884,0.486652,0.0789123,1.85664,0.175963,,0.173213,0.196121,0.00953205,0.190368,0.521613,0.04452,0.0790705,0.776928,0.0211714,0.106088,,0.952423,0.71388,0.0161878
01-Dec-2021,,0.512254,0.0612362,0.127229,0.52378,0.559284,0.000853132,0.112243,0.0317743,0.108715,0.808432,0.00953786,0.226838,0.00630107,0.000601617,2.36251,0.169927,0.0165165,0.0335923,0.487603,0.0791069,1.85836,0.175952,0.0141819,0.174062,0.196302,,0.190544,0.52378,0.0451684,0.0791253,0.776337,0.0212011,0.105918,,0.951983,0.714541,0.0161881
02-Dec-2021,0.00514333,0.506814,0.0608348,0.126737,0.52298,0.557178,0.000862171,0.11199,0.0318505,0.108877,0.809632,0.00952046,0.225386,0.00632103,0.000604951,2.3608,0.16894,0.0165082,0.0335171,0.486322,0.0786344,1.85702,0.175522,,0.17576,0.19616,,0.190406,0.52298,0.0449351,0.0786387,0.776746,0.0211137,,,0.951723,0.714024,0.0161712
03-Dec-2021,0.0051461,0.505941,0.0609904,0.126716,0.522019,0.558078,0.000853519,0.112257,0.0317655,0.108565,0.807318,0.00953535,0.226556,0.00632025,0.00060733,,0.169093,,0.0333841,0.486135,0.0784759,,0.175635,0.0141864,0.175881,,,,0.522019,0.044972,0.0785363,0.777481,0.0210986,0.105638,,0.948461,0.71501,0.0161965
06-Dec-2021,0.00514556,0.502509,0.0607302,0.125779,0.522471,0.559714,0.000853914,0.11225,0.0317621,0.108574,0.807376,0.00949981,0.226294,0.00632742,0.000606919,2.36429,0.169345,0.0164903,0.0337338,0.482695,0.0784294,,0.175408,0.0141914,0.176104,0.196515,0.0097098,0.190751,0.522471,0.0447658,0.0782826,0.775493,,0.105605,0.194776,0.949903,0.715315,0.0162012
07-Dec-2021,0.00515569,0.506436,0.0611648,0.126977,0.523664,0.565731,0.000850288,0.112476,0.0316573,0.108411,0.806172,0.00950477,0.22701,0.00629916,0.000605065,2.36726,0.169258,0.0165131,0.0339588,0.483159,0.0791144,1.86272,0.175974,0.0142191,0.175595,0.196762,0.00966032,0.190991,0.523664,0.0449211,0.0789958,0.774161,0.021176,0.105686,0.195021,0.9492,0.716215,0.0162087
08-Dec-2021,0.00515152,0.510532,0.0611235,0.128329,0.524884,0.566154,,0.112614,0.0317482,0.108752,0.808706,0.00948325,0.230065,0.00630712,0.000605936,2.36567,0.169625,0.0165213,0.0341916,0.485553,0.0801016,1.86146,,,0.175812,0.19663,0.00969232,0.190862,0.524884,0.0453289,0.0788546,0.774183,0.0213575,0.105779,0.19489,0.945697,0.715732,0.0162033
09-Dec-2021,0.00515492,0.513235,0.0613822,0.128768,0.524763,0.563315,0.000852155,0.112778,0.0318101,0.108819,0.8092,0.00947573,0.23048,0.00628932,0.000608135,2.3646,0.169891,0.0164806,0.034014,0.486837,0.0796848,1.86062,0.175475,0.014222,0.175187,0.196541,0.00972027,0.190776,0.524763,0.0449103,0.0789505,0.77547,0.0214041,0.105756,0.194802,0.943268,0.71541,0.0161861
10-Dec-2021,0.00515717,0.512268,0.0608904,0.128093,0.524497,0.56344,0.000851469,0.112504,0.0318381,0.108597,0.80755,0.00946076,0.23086,0.00631486,0.00061029,,0.169854,0.0164628,0.0342883,0.486765,0.079691,,0.176226,0.0142482,0.175204,,0.00973234,,0.524497,0.0448384,0.0790002,0.774567,,0.106094,,0.945521,0.716358,0.016186
13-Dec-2021,,,,,,,,0.112499,,,0.807353,,,0.0063044,,,,,,,,,,,,,,,,,,,,,,0.949309,0.715865,
14-Dec-2021,0.00514278,0.507908,0.0607002,0.126643,0.522251,,0.000847683,0.112362,0.0319122,0.108731,0.808549,0.00941996,0.229669,0.0062909,0.000606516,2.36195,0.168882,0.0164557,0.0337803,0.482456,0.0789018,1.85946,,0.0142049,0.174007,0.196418,0.00973136,0.190656,0.522251,0.0445539,0.0785775,0.777681,0.021397,0.105748,0.19468,0.947395,0.714961,0.0161486
15-Dec-2021,0.00515044,,,,,,,0.112503,,,0.806423,,,0.00629335,,,,,,,,,,,,,,,,,,,,0.105754,,0.949492,0.716057,0.0161416
16-Dec-2021,0.00515078,0.512231,0.0607381,0.125605,0.523456,0.559699,0.000843123,0.112367,0.0320868,0.109059,0.810985,0.00938204,0.230331,0.00626835,0.000603108,2.36342,0.169087,0.0164657,0.0341911,0.484688,0.0799328,1.86062,0.177344,0.0142132,0.174754,0.19654,0.00972406,0.190775,0.523456,,0.0788753,0.77312,0.0213906,,0.194801,0.953924,0.715407,0.0160892
17-Dec-2021,0.00514821,0.512476,0.0609938,0.125551,0.523769,0.556632,0.000841582,0.112212,0.0320665,0.108943,0.810152,0.00938715,0.229551,0.00628063,0.000604183,,0.169825,0.0164412,0.0344873,0.486091,0.0795959,,0.177344,0.0142625,0.174906,,0.00969783,,0.523769,0.0451375,0.0791002,0.777566,0.0214209,0.105541,,0.950087,0.71505,0.0161182
20-Dec-2021,0.00515044,0.509316,0.0608972,0.125583,0.523903,0.553576,0.000846213,0.112324,0.0320139,0.108607,0.807641,0.00942849,0.227296,0.00630723,0.000604895,2.36683,0.169531,0.0164507,0.0345499,0.482449,0.0792467,1.8633,0.17738,0.0143391,0.173969,0.196824,0.00964319,0.19105,0.523903,0.0451971,0.078342,0.77566,0.0213913,0.105821,0.195082,0.945806,0.716438,0.0161589
21-Dec-2021,0.00515073,0.509225,0.06121,0.124794,0.52409,0.553808,0.000829354,0.112359,0.0320345,0.108741,0.808617,0.00947061,0.226266,0.00629923,0.000601704,2.36507,0.169989,0.0164312,,0.480517,0.0796762,1.86192,0.176767,0.0143313,0.17488,0.196678,0.00969793,0.190909,0.52409,0.0451701,0.0784092,0.776261,0.0212549,,0.194937,0.948326,0.715907,
22-Dec-2021,0.00514496,0.510355,0.0608878,0.125096,0.524203,0.556148,0.00082357,0.112259,0.0320271,0.108735,0.80857,0.00946475,0.226062,0.00626739,0.000600491,2.36368,0.169949,0.0164037,0.0344767,0.483525,0.0803645,1.86082,0.176969,0.0143344,0.174577,0.196562,0.00969622,0.190796,0.524203,0.0450576,0.0781865,0.775299,0.0211876,0.10566,0.194822,0.952668,0.715485,0.0161207
23-Dec-2021,,0.515149,0.0612321,0.125561,0.524784,,0.000824812,0.112158,0.0322163,0.10867,0.808092,0.00948256,0.226823,0.00625596,0.000599809,2.36196,0.169875,0.0163798,0.0345864,0.486427,0.0807182,1.85824,,0.014279,0.174479,0.196289,0.00973977,,0.524784,0.0470278,0.0783745,0.776454,0.0212691,,0.194552,0.95985,0.714493,0.0160922
03-Jan-2022,0.00514731,,,0.126775,0.528338,,0.000845025,,0.0326525,0.108965,0.810502,0.0096053,0.230849,,0.000602095,2.35962,0.17113,,0.0346682,,0.08104,1.8564,0.179028,0.0140029,0.176574,0.196095,,0.190342,0.528338,0.045109,0.0788677,0.782572,,0.105368,0.194359,,0.713784,0.0159991
04-Jan-2022,0.00515468,0.516339,,0.126131,0.528524,0.563459,0.00084099,0.112319,0.0326305,0.108584,0.807626,0.00960209,0.23143,0.00620381,0.000601313,2.36591,0.171241,0.0164582,0.034973,,0.080651,1.86227,0.180682,0.0140431,0.176941,,,0.190945,0.528524,0.0446339,0.0787242,0.77941,0.0214957,0.105731,0.194975,0.966337,0.716044,0.0160099
05-Jan-2022,0.00514725,0.516891,0.0606088,0.126228,0.527201,0.562025,0.000838852,0.112167,0.0328776,0.10876,0.808999,0.00959571,0.231079,0.00615083,0.000598448,2.36156,0.170559,0.0164622,0.0350396,0.486944,0.0811664,1.85885,0.180806,0.013947,0.17693,,,0.190594,0.527201,0.045082,0.0788221,0.781037,0.0215292,0.105893,0.194616,0.967812,0.714727,0.0159783
06-Jan-2022,0.00514857,0.513227,0.0607835,0.125377,0.526428,0.561259,0.000849661,0.112187,0.0329858,0.108765,0.809136,0.00960642,0.23001,0.00616253,0.000596812,2.3628,0.170181,0.0164559,0.0349532,0.485553,0.080631,1.85982,0.180262,0.0139919,,,,0.190693,0.526428,0.0453443,,0.779146,0.0214281,0.105435,0.194717,0.968031,0.7151,
07-Jan-2022,0.00513324,0.512238,0.0611511,0.126036,0.526359,0.564675,0.000852586,0.112219,0.0330721,0.108638,0.808052,0.00962686,0.230047,0.00617152,0.000596213,,0.170188,0.0164362,0.035019,0.482414,0.0805733,,0.181159,0.0139879,0.177566,,,,0.526359,0.0457834,0.0783928,0.775597,0.0212862,0.105472,,0.969191,0.715217,0.0160669
10-Jan-2022,0.00512726,0.513807,0.0612883,0.125915,0.526937,0.563385,0.000858976,0.112092,0.0331854,0.108692,0.808463,0.0096317,0.229241,,0.000594075,2.36098,0.170023,0.0163846,0.0349379,0.484092,0.0806426,1.85778,0.181991,0.0139381,0.178294,,0.00950754,0.190484,0.526937,0.0454512,0.0785524,0.774788,0.0212007,0.105366,0.194504,0.970291,0.714316,0.0159906
11-Jan-2022,0.00512049,0.513148,0.0612693,0.126736,0.527279,0.566472,0.000858916,0.112057,0.0331551,0.108798,0.809497,0.00965881,0.228364,0.00619228,0.000595078,2.36025,0.170314,0.0163869,0.0350415,0.483442,0.0808164,1.8572,,0.0139072,0.178052,,0.00954218,0.190425,0.527279,0.0456709,0.0786958,0.770827,0.0213105,0.105198,0.194444,0.970025,0.714094,0.0160003
12-Jan-2022,,0.514887,0.0614896,0.128286,0.528163,0.570213,0.000856758,0.112081,0.0332248,0.108993,0.811064,0.00964011,0.229221,0.00618518,0.000596835,2.35892,0.170553,0.0163706,0.0350259,0.484213,0.0817026,1.85523,0.183048,0.0139394,0.178875,,0.00957143,0.190223,0.528163,0.0460393,0.0789186,0.772386,0.0213689,0.105124,0.194237,0.972599,0.713337,0.0159773
13-Jan-2022,0.00509721,0.518053,0.0616746,0.128627,0.52777,0.569158,0.000859683,0.111711,0.033296,0.109462,0.814489,0.00961032,0.227955,0.0061969,0.00059714,2.35238,0.170005,0.016296,0.0348975,0.487002,0.0819961,,0.182423,0.0139048,0.180051,0.195202,0.00952864,0.189477,0.52777,0.046191,0.0797201,0.779055,0.0213772,0.104805,0.193475,0.975212,0.710537,0.0159474
14-Jan-2022,,0.517294,0.061652,0.128341,0.52789,0.566183,0.000864219,0.111925,0.0331905,0.109261,0.813053,0.00958334,0.228311,0.00623049,0.000597775,,0.169983,0.0163028,0.0349686,0.487178,0.0814173,,0.183108,0.0138956,0.179376,,0.0093745,,0.52789,0.046277,0.0795872,0.779324,0.0213951,0.105018,,0.974712,0.710276,0.0159287
18-Jan-2022,0.0051019,0.512612,0.0615562,0.129052,0.528215,0.568646,0.000866735,0.112191,0.033156,0.108813,0.809849,0.00957454,0.228059,0.00622015,0.000597548,2.35717,,,0.0349192,0.484613,0.0812796,1.85294,0.18515,0.013894,0.179306,0.19573,0.00933332,0.189988,0.528215,0.0461957,0.0788089,0.77864,0.0215804,0.105797,0.193998,0.969011,0.712456,0.0159837
19-Jan-2022,0.00510549,0.512612,0.0614735,0.12973,0.527907,0.570885,0.000869059,0.112259,0.0332828,0.108719,0.809069,0.00956023,0.228208,0.00621752,0.00059984,2.35869,0.170101,0.0163523,0.0348558,0.483088,0.0814219,1.85475,0.184802,0.0138961,0.1786,0.19592,0.00927739,0.190173,0.527907,0.0464582,0.0780627,0.778506,0.0214869,0.105522,0.194187,0.972095,0.71315,0.0159759
20-Jan-2022,0.0051061,0.516117,0.0617515,0.131659,0.529413,0.571642,0.000876584,0.112428,0.0333224,0.108631,0.808474,0.00958914,0.227526,0.00623964,0.00059831,2.35841,0.170366,0.0163455,0.0348676,0.48353,0.0811898,1.85453,0.185164,0.0138572,0.179014,0.195897,0.00932834,0.190151,0.529413,0.0468507,0.0783021,0.778924,0.0216481,0.105702,0.194164,0.970198,0.713066,0.0159848
21-Jan-2022,0.0051026,0.512973,0.0619819,0.131125,0.529828,0.568557,0.000885756,0.112481,0.0332489,0.108744,0.809402,0.00956949,0.227151,0.00626597,0.000599173,,0.17037,0.0163334,0.0348613,0.480306,0.0805192,,0.186716,0.013869,0.178524,,0.00930046,,0.529828,0.047082,0.0776941,0.781093,0.0216059,0.105602,,0.966995,0.713255,0.016016
24-Jan-2022,0.00510393,0.512523,0.0621738,0.130013,0.530801,0.564018,0.000893136,0.112736,0.0329041,0.108409,0.806903,0.00957137,0.225393,0.00627094,0.00059804,2.36169,0.170628,0.0163744,0.0345998,0.479117,0.0793902,1.85649,0.186133,0.0138814,0.178237,0.196105,0.00922668,0.190352,0.530801,0.04675,0.0775665,0.782355,0.0216126,0.105704,0.194369,0.962802,0.713821,0.0160272
25-Jan-2022,0.00511108,0.509907,0.0618351,0.130057,0.532244,0.566044,0.000893225,0.112949,0.0328866,0.108212,0.805501,0.00956939,0.224586,0.00627178,0.000598607,2.36434,0.170692,0.0163531,0.0345871,0.478454,0.0794497,1.85919,0.186015,0.0139316,0.176104,0.196389,0.00908999,0.190629,0.532244,0.0466373,0.0770868,0.776892,0.0216348,0.105718,0.194651,0.961197,0.714857,0.0160732
26-Jan-2022,0.00510755,,0.0620119,,0.531644,0.566733,0.000886315,0.112981,0.0328561,0.108257,0.805655,,0.224944,0.00627733,0.000596446,2.3629,0.170486,0.0163421,0.034611,0.477377,0.080473,1.85806,0.186048,0.0139228,0.175603,0.19627,0.00904978,0.190513,0.531644,0.0471836,0.0771598,0.776125,0.0216761,0.105571,0.194533,0.965293,0.714423,0.0161295
27-Jan-2022,0.00513102,0.508748,,0.133511,0.531967,0.56511,0.000899241,0.11293,0.0328157,0.107714,0.801699,0.00955627,0.224771,0.00626466,0.00060014,2.3732,0.170918,0.016399,0.0346397,0.476925,0.0802475,1.86832,0.187417,0.0140197,0.175941,0.197354,0.00909937,0.191565,0.531967,0.0470843,0.0767586,0.771899,0.0216448,0.10604,0.195607,0.961607,0.718368,
28-Jan-2022,0.0051255,0.505346,0.0617661,0.133285,0.531486,0.562987,0.000899765,0.112983,0.0327733,0.107598,0.800875,0.00959352,0.224983,0.00622875,0.00059801,,0.171528,0.0164044,0.0344706,0.472845,0.0798799,,0.187301,0.0139911,0.175172,,0.00924018,,0.531486,0.0461006,0.0761953,0.771634,0.0216112,0.106533,,0.962732,0.719047,0.0162809
31-Jan-2022,0.00511943,0.503742,,0.134129,0.529987,0.564905,0.000886909,,0.0328985,0.107709,0.801562,0.00958421,0.224884,0.00622458,,2.3713,0.171521,0.0164535,,0.470332,0.0800882,1.86867,,0.0140133,0.174619,0.197391,0.00927457,0.191601,0.529987,0.0461395,0.0765905,0.769316,0.0214921,0.106798,0.195644,0.963081,0.718503,0.0162727
01-Feb-2022,0.005097,0.505451,0.0616613,0.135469,,0.563517,,,0.0330941,0.10825,0.805459,0.00959792,0.225727,0.00621214,,,,,,0.46997,0.080839,1.86041,0.185031,,0.175804,0.196519,0.00927429,0.190754,,0.0470128,0.0770263,0.776686,0.0215175,0.106107,0.19478,0.965335,0.715328,0.0162919
02-Feb-2022,0.00508856,0.509313,,0.13483,,0.563164,0.000890711,,0.0332847,0.108677,0.808375,0.00954017,0.225925,0.00622426,,2.35969,,,0.034656,0.474616,0.0814664,1.85676,0.185338,0.0139615,0.177227,0.196133,0.00933417,0.190379,,0.0467293,0.0774446,0.776552,0.0214966,0.106093,0.194397,0.968437,0.713923,0.0162795
03-Feb-2022,0.00509065,0.508869,,0.134801,0.530471,,0.000886783,,0.0333942,,0.806614,0.00954758,0.224326,0.00624467,0.00059277,2.36305,0.17092,0.0164164,0.0347682,0.473062,0.0810302,,0.185252,,0.177491,0.196347,0.00932423,0.190587,0.530471,0.0466279,0.0776218,0.774662,0.0215538,0.106009,0.194609,0.972103,0.714703,0.0163275
04-Feb-2022,0.00506937,0.508312,,0.133437,0.529317,0.557239,0.000869858,,0.0334538,0.109496,0.815006,0.00951414,0.222234,0.00618197,0.000589784,,0.170098,0.0163455,0.0342904,0.47433,,,,0.0139285,0.179269,,0.00934803,,0.529317,0.0463452,0.0781169,0.770443,0.0215334,,,0.965011,0.710926,
07-Feb-2022,0.00507039,0.5049,0.0613683,0.134562,0.528765,0.561104,0.000862338,0.111997,0.0336133,0.109472,0.814945,,0.222826,0.00617833,0.000593521,2.35582,0.170082,0.016301,,,0.0809617,1.85157,0.185446,0.0139515,0.178554,0.195585,0.00940702,0.189848,0.528765,0.0460108,0.0778311,0.770903,0.0216109,0.10551,0.193854,0.961958,0.711929,0.0163133
08-Feb-2022,0.00506944,0.50732,0.0611976,0.135204,0.530159,0.56057,0.000861534,0.111822,0.0334976,0.109184,0.812738,0.00953847,0.220976,0.00617944,0.000593987,2.35747,0.170173,0.0162867,,0.473195,0.0806626,1.85287,0.185673,0.0138894,0.179485,,0.00946067,0.189981,0.530159,0.046043,0.0779726,0.771945,0.0216071,0.105297,0.19399,0.964912,0.712428,0.016395
09-Feb-2022,0.00507061,0.510465,0.0615379,0.135076,0.529943,0.561707,0.000864028,0.111948,0.0335237,0.109414,0.814451,0.00951969,0.221469,0.00616501,0.000594627,2.35686,0.17019,0.016264,0.0347423,0.473144,0.0809718,1.85239,0.186403,,0.180178,0.195671,0.00952179,0.189932,0.529943,,0.0780003,0.771244,0.021658,0.105257,0.19394,0.967085,0.712244,0.0164742
10-Feb-2022,0.00507274,0.511067,0.0618267,0.136729,0.530332,0.561654,0.000867809,0.112037,0.0334628,0.109509,0.814787,0.00950521,0.221139,0.0061622,0.000595559,2.35623,0.1702,0.0162744,0.0348908,0.475952,0.080918,1.85251,0.18964,0.013864,0.181623,0.195684,0.00953225,0.189944,0.530332,0.0464933,0.0780308,0.770084,0.0217672,0.10514,0.193952,0.966505,0.712289,0.016495
11-Feb-2022,0.00507261,0.507746,0.0617568,0.13719,0.530443,0.561429,0.000886753,0.112102,0.033358,0.109432,0.814177,0.00946367,0.220441,,0.00059626,,0.170266,0.0162956,,0.474657,0.0808259,,0.190218,,0.179787,,0.00951005,,0.530443,0.0471999,0.0767653,0.769077,0.0218028,0.10513,,0.967214,0.713127,0.0165662
14-Feb-2022,0.0050812,0.508695,0.061961,0.137171,0.530557,0.561046,0.000886411,0.112389,0.0329701,0.108682,0.808709,0.00945902,0.219086,0.00619289,0.000595749,2.3629,0.170482,0.0163439,0.0350135,0.474749,0.0803142,1.85867,0.188964,0.0139231,0.176725,0.196335,0.00933266,0.190576,0.530557,0.047017,0.0761492,0.772814,0.0219275,0.105775,0.194598,0.965792,0.71466,0.0165849
15-Feb-2022,0.00507699,0.508767,0.0620343,0.137611,0.530079,0.560284,0.000878876,0.11239,0.0331611,0.108821,0.809872,0.00943494,0.221351,0.00618487,0.000595726,2.35947,0.170514,0.0163102,0.0349944,0.472717,0.0802701,1.85659,0.188006,0.013895,0.179632,0.196115,0.0093724,0.190362,0.530079,0.0472269,0.0766633,0.772239,0.0220715,0.105797,0.194379,0.966242,0.713858,0.0165728
16-Feb-2022,0.0050786,0.510066,0.0620206,0.138091,0.529668,0.561942,0.000886479,0.112518,0.0332733,0.108948,0.810687,0.00949475,0.223965,0.00616198,0.00059481,2.35624,0.170179,0.0162876,0.0350594,0.473352,0.0801908,1.85404,0.189143,0.0138774,0.180577,0.195846,0.00950328,0.190101,0.529668,0.0472879,0.076994,0.770973,,,0.194113,0.966523,0.71288,0.0165724
17-Feb-2022,0.00507568,0.511143,0.0621468,0.138229,0.529962,0.561397,0.000891368,0.112508,0.0332351,0.108918,0.810332,0.00949161,0.223485,0.00617317,0.000595449,2.3564,0.170297,0.0162784,0.0351118,0.476792,0.0800527,1.85356,0.190204,0.0138937,0.179578,0.195795,0.00940815,0.190051,0.529962,0.0476149,0.0765522,0.774119,0.0221086,0.10554,0.194062,0.969975,0.712693,0.0165523
18-Feb-2022,0.00507613,0.51352,0.0622838,0.138825,0.530546,0.559627,0.000891923,0.112622,0.033246,0.108778,0.809119,0.00951157,0.223185,0.00620001,0.000595296,,0.170302,0.0162638,0.035094,0.476678,0.0797436,,0.19198,0.0138947,0.179062,,0.00940617,,0.530546,0.0474232,0.0766309,0.77405,0.0221678,0.10575,,0.970565,0.712629,0.0165639
22-Feb-2022,0.0050678,0.513668,0.061837,0.140941,0.529181,0.559703,0.000891549,0.112543,0.033026,0.108741,0.808945,0.00952492,0.221569,0.00621822,0.000597045,,0.170446,0.0163078,0.0351385,0.478435,0.0800797,1.85495,0.190856,0.013878,0.177774,0.195942,0.00886888,0.190195,0.529181,,0.075958,0.775967,0.022016,0.105498,0.194208,0.966748,0.71323,0.0167291
23-Feb-2022,0.00507465,0.515895,0.062107,0.142221,,0.560665,0.000895515,0.112791,0.0330515,0.108739,0.808888,0.0095555,0.221239,,0.000596848,,0.170404,0.0162445,0.0352238,0.481383,0.0806184,1.8545,0.19225,0.0138605,0.178545,0.195894,,0.190148,0.530073,0.0473208,0.076558,0.775396,0.0220119,0.105341,0.19416,0.968791,0.713054,0.0168698
24-Feb-2022,0.0050927,0.516288,0.0619718,0.140179,0.530679,0.558967,0.000911335,0.113511,0.0319466,0.107612,0.800684,0.00953079,0.21928,0.00624035,0.000601683,2.36956,0.17094,0.016327,0.0347302,0.484298,0.0793717,1.86545,0.189452,0.0139897,0.173752,0.197051,0.00825119,0.191271,0.530679,0.046895,0.0753874,0.776808,0.022103,0.105934,0.195307,0.960778,0.717266,0.0166709
25-Feb-2022,0.00508282,0.516267,0.0618258,0.139573,,0.562671,0.000888483,0.113593,0.0326224,0.108099,0.804453,0.00952706,0.220079,0.00620769,,,0.170852,0.0163255,0.0350787,0.480118,0.0806419,,0.19111,,0.172069,,0.00858468,,,0.0471477,0.0752697,0.774094,0.0220478,0.106325,,0.960201,0.717237,0.0168631
28-Feb-2022,0.0050754,0.514889,,,,0.56459,0.000890302,0.1136,0.0321127,0.107908,0.802874,0.00949706,0.221407,0.00620438,0.000596089,,0.170654,0.0162918,0.0350987,0.479617,0.0807192,1.86454,,0.0139774,0.170837,0.196955,0.00766272,0.191178,0.52726,0.0465728,0.0752478,0.777819,0.0219086,0.10638,0.195212,0.960273,0.716916,
01-Mar-2022,0.0050749,0.520528,0.0615887,,0.528513,0.564197,0.000898461,0.113567,0.0314135,0.1076,0.800294,,0.221976,0.00622109,,,0.170913,,0.0349283,0.484823,0.081167,,0.189577,0.0139531,0.169929,0.196973,0.00781487,0.191195,0.528513,0.0465142,0.075658,0.781621,0.0219859,0.106415,0.19523,0.9614,0.716981,
02-Mar-2022,0.00506506,0.522739,0.0616298,0.14007,0.529476,0.567678,0.000895258,0.113933,0.0308681,0.107367,0.79867,0.00949728,0.222436,0.00625334,0.000596495,2.3726,0.171549,0.016333,0.0347084,0.486494,0.0808161,1.87031,0.191107,0.0140322,0.166074,0.197564,0.00696507,0.191769,0.529476,0.0464986,0.0741169,0.782178,0.0220114,0.106594,0.195816,0.958893,0.719134,0.0168356
03-Mar-2022,0.0050704,0.525316,0.0617342,,0.530497,0.568156,0.000891247,0.113858,0.0310751,0.107117,0.796933,0.0095034,0.222072,0.00622416,0.000597106,2.37306,0.171701,0.0162884,0.0347535,0.487614,0.0809743,1.8713,0.193158,0.0140008,0.166334,0.197668,0.00643823,0.19187,0.530497,0.0471988,0.07413,0.781655,0.0221123,0.106623,0.195919,0.961953,0.719513,0.0169003
04-Mar-2022,0.00507167,0.531277,0.062087,0.142249,0.53123,0.566229,0.000901335,0.114213,0.030657,0.106059,0.78901,0.00948369,0.222478,0.00625708,,,0.172495,0.0163152,0.0344994,0.488827,0.0802185,,0.192723,0.0140265,0.164414,,0.00682285,,0.53123,0.0469638,0.0737533,0.786601,0.0221319,0.106905,,0.959172,0.721942,
07-Mar-2022,0.00506509,0.537613,0.0618845,0.143287,0.531497,0.567324,0.000898069,0.114682,0.0308556,0.106106,0.789499,0.00942026,0.220793,0.00630563,0.000598137,2.38526,0.173401,0.0163441,0.0341898,0.499134,0.0802946,1.88464,0.193651,0.0140174,0.158489,0.199078,,0.193238,0.531497,0.0472657,0.0725695,0.783144,0.0220558,0.10724,0.197316,0.954282,0.724643,0.0169365
08-Mar-2022,0.0050788,0.529472,0.0617923,0.142329,0.531561,0.562999,0.000895883,0.114671,0.0307723,0.105993,0.789028,0.00942242,0.219518,0.00627359,0.000591163,2.38372,0.173292,0.0164373,0.0338866,0.49557,0.0805752,1.88403,0.194264,0.0139147,0.16057,0.199014,,0.193176,0.531561,0.0473614,0.0729826,0.78247,0.0218855,0.107043,0.197253,0.950319,0.724411,0.0169453
09-Mar-2022,0.00507052,0.526626,0.0619518,0.144324,0.529474,0.563834,0.000890227,0.114423,0.0313292,0.106753,0.794674,0.0094057,0.220125,0.00623881,,2.37871,0.172858,0.0165012,0.0344764,0.49265,0.0811061,1.88008,0.194639,0.0138498,0.163746,0.198596,0.00622727,0.192771,0.529474,0.047694,0.0733311,0.77881,0.0217869,0.106963,0.196839,0.950457,0.722891,0.016992
10-Mar-2022,0.00506764,0.528231,0.0624123,0.142857,0.5312,0.564753,0.000897904,0.114153,0.0315892,0.10749,0.799743,0.00947933,0.220584,0.00622008,0.000584471,2.37736,0.17245,0.0165473,0.0344006,0.492588,0.0806277,1.87654,0.194273,0.0138121,0.165937,0.198222,0.00599384,0.192408,0.5312,0.0477957,0.0740265,0.778474,0.0218143,0.106604,0.196468,0.94946,0.721529,0.0169357
11-Mar-2022,0.00506614,0.530341,0.0623166,0.14387,0.531801,0.568341,0.000896902,0.114382,0.0315208,0.106784,0.7945,0.00945799,0.221486,0.00621608,,,,0.0164718,0.0344753,0.496002,0.0810441,,0.196022,0.0138612,0.165453,,0.00619203,,0.531801,0.0481912,0.074293,0.775967,0.0217586,0.106658,,0.947689,0.72293,0.0169686
14-Mar-2022,0.00508058,,0.062409,0.1433,0.531171,0.567963,0.000904304,0.114091,0.0319517,0.106895,0.795352,0.00947264,0.222058,0.00617185,0.00058884,2.38595,0.172556,0.0165137,0.0347371,0.493684,0.0806739,1.88735,0.195708,0.0138839,0.167901,0.199364,0.00629956,0.193516,0.531171,0.0481347,0.0753623,0.77543,0.0217128,0.107439,0.1976,0.945279,0.725686,0.0170014
15-Mar-2022,0.00508596,0.520979,0.0622768,0.141302,0.530508,0.566267,0.000896812,0.113632,0.0320467,0.107087,0.796839,0.00947852,0.220563,0.00613205,0.000585332,2.38484,0.172297,0.0165555,0.0347313,0.488645,0.0809053,1.88554,0.194576,0.0138297,0.168634,0.199174,0.0065032,0.193331,0.530508,0.0478762,0.0755106,0.772048,0.0216428,0.107486,0.197411,0.946477,0.724992,0.0169395
16-Mar-2022,0.00507351,0.521726,0.0623292,0.141167,0.530575,0.569072,0.000888208,0.114038,0.0322242,0.106955,0.795873,0.00948177,0.221856,0.00611467,0.000583004,2.3813,0.172381,0.0165282,0.0349659,0.488137,0.0812212,1.88275,0.194444,0.0138147,0.169029,0.198878,0.00669969,0.193044,0.530575,0.0481865,0.0759236,0.770164,0.0216489,0.107255,0.197118,0.947751,0.723916,0.0169726
17-Mar-2022,0.00508088,0.529045,0.062534,0.142428,0.532471,0.571446,0.000899678,0.113891,0.0322408,0.107324,0.798917,0.00952566,,0.00607662,0.000582825,2.37925,0.172538,0.0164767,0.0351648,0.494705,0.0816886,1.8802,0.193817,0.0138268,0.170492,0.198609,0.00689817,0.192783,0.532471,0.0483471,0.0768141,0.769204,0.0217405,0.107178,0.196851,0.951058,0.722936,0.0170075
18-Mar-2022,0.00509145,0.534311,0.0627707,0.143636,0.534041,0.573828,0.000907119,0.113802,0.0320822,0.107088,0.796978,,,0.00610043,0.00059315,,0.172258,0.0164407,0.0354649,0.499053,0.0822138,,0.192502,0.0138785,0.169527,,0.00696472,,0.534041,0.0483328,0.0767737,0.773793,0.0217371,0.107409,,0.950574,0.723999,0.0169885
21-Mar-2022,0.00508142,0.535793,0.0624513,0.145722,0.533668,0.574648,0.000902053,0.113721,0.0323551,0.107346,0.798769,0.00950492,0.223419,,0.000597518,2.38162,0.172299,0.0164136,,0.500551,,1.88207,0.191342,0.0138271,0.170496,0.198806,0.00691289,0.192974,0.533668,,0.0767387,0.777537,0.0216268,0.107086,0.197047,0.951098,0.723654,0.0170179
22-Mar-2022,0.00507504,0.535924,0.062551,0.147313,0.533615,0.575794,0.000907713,0.113958,,0.107393,0.799029,0.00948943,,0.00604008,0.00059719,2.38346,0.172021,0.0163919,0.0357433,0.498089,,1.88507,0.192308,0.0138415,0.169665,0.199123,0.00696436,0.193282,0.533615,0.0488564,0.0764768,,0.0215512,0.107132,0.197361,0.958306,0.724809,0.0171261
23-Mar-2022,0.00508696,0.541074,0.0629645,0.148958,0.534639,0.577041,0.000914498,0.11377,0.0323882,0.107131,0.79685,0.00952126,0.224512,0.00598563,0.000593907,2.38539,0.171916,0.0164164,0.0359464,0.50495,,1.8866,0.192618,0.0138363,0.169596,0.199285,0.00703165,0.193439,0.534639,0.0489325,0.0768251,0.775951,0.0216253,0.107174,0.197522,0.957816,0.725398,0.01725
24-Mar-2022,0.00508152,0.542246,0.0629827,0.150976,0.53432,0.578403,0.000913357,0.113926,0.0322206,0.107071,0.796571,0.0095049,0.225274,0.00598488,0.00059834,2.38608,0.17166,0.0163392,0.0360437,0.505676,,1.88714,0.193857,0.0138546,0.167538,0.199343,0.0075548,0.193495,0.53432,,0.0771094,0.77951,0.021564,0.107049,0.197578,0.957983,0.725607,0.0173636
25-Mar-2022,0.00508293,0.545598,0.0633607,,0.534428,0.579868,0.000917811,0.113927,0.0323639,0.107197,0.797591,0.00951653,0.22493,0.005951,0.000594515,,0.171708,0.0163325,0.0363244,0.504638,0.0837764,,0.194618,0.0138445,0.168105,,0.00757827,,0.534428,0.0498145,0.0770864,0.782589,0.0216326,0.106868,,0.956682,0.724951,0.017478
28-Mar-2022,0.00508498,0.546893,0.0632373,,0.534224,0.579591,0.000924894,0.11405,0.0323267,0.107144,0.79708,0.00953179,0.225594,0.00594719,0.000596622,2.38747,0.172488,0.0163487,0.0361274,0.505098,0.0837943,1.89042,,0.0139217,0.169892,0.199688,0.00775633,0.193831,0.534224,0.0498324,0.0768446,0.777354,0.0215629,0.107475,0.197921,0.9563,0.726865,0.017572
29-Mar-2022,0.00508296,0.542958,0.0629895,0.15284,0.53324,0.580131,0.000932016,0.113906,0.0328647,0.108139,0.804423,0.00955188,0.225578,0.00584288,0.000592058,2.3836,0.171882,0.0163451,0.0362948,0.500143,0.0837984,1.88735,0.195234,0.0138994,0.169091,0.199364,0.00841041,0.193516,0.53324,0.0498086,0.077004,0.77543,0.0215158,0.107358,0.1976,0.950395,0.725686,0.0175949
30-Mar-2022,0.0050762,0.544139,0.0633274,,0.533675,0.579724,0.000930274,0.113755,0.0328792,0.108121,0.804316,0.0095412,0.226762,0.00590136,0.000592311,2.3788,0.171918,0.0162608,0.0363947,0.50221,0.0834371,1.88015,0.194176,0.0138838,0.173411,0.198603,0.00859743,0.192778,0.533675,0.0498938,0.0776861,0.78056,0.0216112,,0.196846,0.949767,0.722916,0.0176454
31-Mar-2022,0.00507778,0.541233,0.0633681,0.152702,0.534491,0.578889,0.000918975,0.114049,0.0329363,0.107964,0.803024,0.00954238,0.227764,0.00590997,0.00059744,2.38032,0.172069,0.0162616,0.0363303,0.504558,0.0826918,1.88135,0.195773,0.0139219,0.173053,0.198731,0.00867261,0.192901,0.534491,0.0496168,0.0780842,0.781948,0.0217199,0.107096,0.196972,0.949472,0.72338,0.0175941
01-Apr-2022,0.00507312,0.541661,0.0630984,0.154208,0.534009,0.578993,0.000919358,0.113927,0.0328468,0.107632,0.800647,0.00955631,0.226174,0.00592828,0.000598361,,0.172116,0.0162747,0.036508,0.501599,0.082859,,0.198966,0.0139567,0.172575,,0.00868332,,0.534009,0.0494789,0.0771276,0.783937,0.0217014,0.107356,,0.951981,0.724436,0.017618
04-Apr-2022,0.00508157,0.545689,0.063182,0.157298,,0.581449,0.000926964,,0.0328626,0.107443,0.799216,,0.22631,0.0059318,0.00059718,2.38774,0.172154,0.0163222,0.0367818,0.502769,0.0836969,1.88876,0.200229,0.0140568,0.172612,0.199514,0.00868767,0.193661,0.535094,0.0496342,0.0774307,,0.0216824,0.108347,0.197748,0.951107,0.72623,0.017549
05-Apr-2022,0.00507687,0.553361,0.0632932,0.156631,0.535618,0.583626,0.000932433,,0.0327463,0.107168,0.797088,0.00963886,0.226731,0.0059296,0.000597249,2.38723,0.172299,0.0163034,0.036514,0.504747,0.0835535,1.88992,,0.0141239,0.172063,0.199635,0.00871812,0.193779,0.535618,0.049965,0.0773065,0.784786,0.021719,0.107671,0.197869,0.954049,0.726673,0.0175406
06-Apr-2022,0.00508758,0.551585,0.0630112,0.155119,0.535391,0.582343,0.000930003,0.114461,0.0325566,,0.795689,0.00963542,0.225877,0.00587462,0.000600736,2.38994,0.172701,0.0163286,0.0363019,0.505546,,1.89455,0.196349,0.0142104,0.170974,0.200124,,0.194254,0.535391,,0.0772173,0.780388,,0.108082,0.198353,0.952999,0.728453,0.0174522
07-Apr-2022,,0.545369,0.0632607,0.153706,0.535811,0.579156,0.000917227,0.114546,0.0324536,0.106962,0.795569,0.00961454,0.225778,0.00589461,0.000597826,2.39229,0.172773,0.0163031,0.0361504,0.503316,0.0832231,1.89547,0.196604,0.014183,0.170574,0.200223,0.00955757,0.194349,0.535811,,0.0769851,0.780938,0.0217523,0.10787,0.198451,0.9527,0.72881,0.0173283
08-Apr-2022,0.00508868,0.545721,0.0630099,0.15351,0.534977,,0.00090271,0.114622,0.0323464,0.106502,0.792072,0.00962352,0.226134,0.0058813,0.000598507,,0.172795,0.0162823,0.0362466,0.502037,0.0833055,,,0.0141925,0.17078,,0.00974322,,0.534977,0.0495153,0.0769649,0.780272,0.0217222,0.107874,,0.951128,0.729281,0.0175169
11-Apr-2022,0.00509691,0.543288,0.0631697,0.155138,0.534077,0.577959,0.000895812,0.114508,0.0325397,0.106903,0.795092,0.00960263,0.22717,0.00583554,0.000595949,2.39201,0.172575,0.0165033,0.0364551,0.497771,0.0832753,1.89712,0.196668,0.0141562,0.171287,0.200396,0.00921483,0.194518,0.534077,0.049957,0.0772223,0.780945,0.0216838,0.107824,0.198623,0.95163,0.729442,0.0175968
12-Apr-2022,0.0050954,0.543004,0.0634102,,0.535071,0.579006,0.000892493,0.114703,0.0324465,0.106673,0.793431,0.00959803,0.227226,0.00581958,0.000592964,2.39558,0.17258,0.0166864,0.0368199,0.498223,0.0831728,1.89995,0.197548,0.014072,0.170184,0.200696,0.00917438,0.194809,0.535071,0.0500721,0.0767341,0.783286,0.0216904,,0.19892,0.950787,0.730532,0.0176867
13-Apr-2022,0.00510131,0.545057,0.0636424,0.156291,0.536424,0.580251,0.000906774,0.114923,0.0323897,0.106478,0.791946,0.0095969,0.228102,0.00582422,0.000591559,2.39765,0.17308,0.0168091,0.0369517,0.503653,0.0827588,1.90253,0.196224,0.0140205,0.170629,0.200968,0.00916153,0.195073,0.536424,0.0504623,0.0767317,0.78355,,0.108356,0.199189,0.951235,0.731522,0.0177352
14-Apr-2022,0.00509967,0.543755,0.0634307,0.154625,0.538908,0.578596,0.000905948,0.114475,0.0324747,,0.793103,,0.227912,0.00581875,0.000593866,2.39202,0.172423,0.0168515,,0.497166,,1.8962,,,0.171224,0.200299,0.00896921,0.194424,0.538908,0.0497831,0.0772103,0.779983,,0.10801,0.198527,0.957367,0.729089,
15-Apr-2022,0.00510027,,,,,,,0.114841,,,,,,0.00578995,0.000597819,,0.17283,0.0169709,,,,,,,,,0.00914313,,,,,,,,,,0.73185,
18-Apr-2022,0.00509734,,,0.156653,0.538616,0.580277,0.000898695,0.114903,,,,0.00958699,,0.0057817,0.000595231,2.39867,0.17235,0.0170065,0.0367241,,,1.90428,0.196299,0.0140874,,0.201152,0.00921545,0.195252,0.538616,,,,0.0217507,,0.199372,,0.732194,
19-Apr-2022,0.00510656,0.540753,0.0632944,0.157191,,0.580975,0.000896934,0.115009,0.0324337,0.106508,0.792317,0.00961492,0.226645,0.00575956,0.000594925,2.40034,,0.0170043,0.0365894,0.49374,0.0832017,,0.196892,0.0140419,0.171013,0.20149,0.00928046,0.195579,0.537621,0.0493816,0.0765817,0.773123,0.0217504,0.108546,0.199707,0.955467,0.733423,0.0178327
20-Apr-2022,,0.543741,0.0626041,0.157835,0.53638,0.585676,0.000894928,0.114117,0.0324764,0.106576,0.792986,0.00958163,0.226341,0.00565852,0.000592932,2.39637,0.171639,0.0169505,0.0365406,0.495122,0.0830851,1.90432,0.197788,0.0139786,0.171446,0.201157,0.00949927,0.195257,0.53638,0.0486714,0.077131,0.772824,0.0216528,0.108495,0.199377,0.956159,0.732212,0.0179481
21-Apr-2022,0.00511303,0.544761,0.0624967,,0.535812,0.584095,0.00089651,0.113521,0.0326789,0.107082,0.796724,0.00960269,0.227483,0.0057048,0.000591554,2.39742,0.170705,0.0169316,0.0362639,0.496169,0.0831756,1.90328,0.196565,0.0139518,0.171803,0.201047,0.00975762,0.19515,0.535812,0.0480409,0.0779095,0.771913,0.0216352,0.108183,0.199268,0.956149,0.731812,0.0182379
22-Apr-2022,0.00511648,0.539304,0.0619079,0.155378,0.538959,0.578844,0.000899001,0.113576,0.0326995,0.106895,0.795318,0.00963276,,0.00571688,0.000594668,,0.17069,0.0170258,0.0361865,0.493793,0.0826261,,0.195649,0.0140328,0.171247,,0.0100027,,0.538959,0.047253,0.0771007,0.769893,0.0216766,0.108503,,0.949095,0.735248,0.0183587
25-Apr-2022,0.00512558,,0.0616977,0.151376,0.53773,0.579162,0.000885487,0.112796,0.0325146,0.106735,0.794017,0.00962898,0.22452,0.00573765,0.000595067,2.41666,0.169959,0.0171522,,,0.0818421,1.9217,0.194089,0.014118,0.171088,0.202993,0.010072,0.197039,0.53773,0.0472303,0.076957,0.770766,0.0217316,0.109257,0.201197,0.939172,0.738895,0.0181542
26-Apr-2022,0.00512395,0.533497,0.0616256,0.148795,0.538726,0.577413,0.000868444,0.112738,0.0322896,0.10602,0.788719,0.00965131,0.224458,0.00579088,0.000592507,2.41673,0.169944,0.0171819,0.0362997,0.489162,0.0805288,1.92176,0.19389,0.0140939,0.169987,0.202999,0.0101627,0.197044,0.538726,0.0470622,0.0758049,0.771351,0.0216412,0.108969,0.201202,0.939532,0.738916,0.018062
27-Apr-2022,,0.532302,0.0614679,0.147818,0.538468,0.57801,0.00087482,0.113058,0.0319682,0.105456,0.784699,0.00967455,0.222999,0.00580999,0.000593985,2.42232,0.170199,0.0172137,0.0362211,0.487221,0.0802041,1.9284,0.193899,0.0141895,0.166799,0.203701,0.0101744,,0.538468,,0.0751565,0.768842,0.0215795,0.109599,0.201898,0.93329,0.741471,0.0178909
28-Apr-2022,0.00516261,0.529577,0.0614954,0.148951,0.539003,0.581731,0.000880656,0.112956,0.0319028,0.105144,0.782499,0.00974074,0.22479,0.00574521,0.00059085,2.43373,0.171112,0.0172933,0.0362864,0.48741,0.0790483,1.94097,0.194047,0.0142803,0.167284,0.205028,0.010323,,0.539003,0.0467418,0.0761697,0.767131,0.0216709,0.110495,0.203214,0.930341,0.746303,0.018055
29-Apr-2022,0.00512573,0.531725,0.0613701,0.151241,0.537175,0.58152,0.00086843,0.112938,0.031866,0.105362,0.78405,0.00973357,0.224263,0.00572656,0.000586009,2.42583,0.170654,0.0172196,0.0365134,0.48382,0.0803951,1.93467,0.194225,0.014262,0.168787,0.204363,0.0104737,0.198368,0.537175,0.0469939,0.0761657,0.766452,0.0216635,0.110076,0.202554,0.93502,0.74388,0.0182203
02-May-2022,,0.524926,,0.148292,,,0.000876038,,0.0317927,0.105439,0.784371,0.00975103,0.22235,0.00573011,0.000588996,,,0.0172373,,0.479648,0.0790317,,0.194194,0.0142413,0.16766,0.204757,,,,,0.0757566,0.765919,,,,,0.745316,0.0182113
03-May-2022,,0.530464,0.0612045,0.1488,,0.580989,0.000867257,,0.031956,0.105896,0.787896,,0.221548,,0.000589663,,,,0.036705,0.482284,0.0795129,,,,,,,,,0.0467983,0.0755898,0.763772,0.0216573,0.11044,,0.932734,0.746396,0.0181605
04-May-2022,0.00512032,0.529979,0.0616446,0.148821,,0.581889,0.000870042,,0.031852,0.105496,0.784981,0.00974582,0.22211,,0.000588923,,,0.0172526,0.0368035,0.480522,0.0792574,,,0.0142532,0.167671,,0.0107382,,0.538545,0.0467359,0.0753424,0.759411,,0.110567,,0.933092,0.7454,0.0180655
05-May-2022,0.00511199,0.53833,0.0620035,,0.541279,,0.000865147,0.112339,0.0319254,0.105594,0.785675,0.00977079,,,,,0.171439,0.0172037,0.0367646,0.48759,0.0797938,,0.196367,0.0141717,0.1689,,0.0112239,,0.541279,0.0473589,0.0761206,0.760715,0.0218013,,0.202436,0.932952,0.743447,
06-May-2022,0.00511563,0.528966,0.0610603,0.146923,0.538185,0.578751,0.000863801,0.1116,0.0319484,0.10592,0.788043,0.00971435,,0.005713,0.00059086,,0.170508,0.0172516,0.0370762,0.478268,0.0789557,,0.196042,0.0142468,0.167531,,0.0110641,,0.538185,0.0464967,0.0745346,0.758248,0.0216886,0.110505,,0.922428,0.745547,0.017924
09-May-2022,0.00512993,0.523538,0.0610869,0.145654,0.537526,0.576749,0.00087187,0.111165,0.0315139,0.106136,0.789494,0.00966419,0.217481,0.00571635,0.00058749,2.4359,0.170727,0.0172829,0.0368012,0.476583,0.0784919,1.9446,0.19604,,0.166957,0.205412,,0.199386,0.537526,,0.0747414,,0.0216561,0.110521,0.203594,0.923071,0.747698,0.0178935
10-May-2022,0.00513698,0.520935,0.0610931,0.145349,0.537929,0.573978,0.000860567,0.11107,0.0315171,0.105966,0.788236,0.00965513,0.215668,0.00572965,0.000585956,2.43515,0.170633,0.0172741,0.0366611,0.470783,0.0770404,1.94242,0.196026,0.01423,0.168885,0.205181,,0.199163,0.537929,0.0462991,0.0742671,0.749747,0.0216055,0.110216,0.203366,0.922746,0.74686,0.0179305
11-May-2022,0.00513298,0.519416,0.0610902,0.145756,0.537709,0.575809,0.000860337,0.111009,0.0310736,0.10594,0.788123,0.00966586,0.218051,0.00572718,0.000585515,2.43424,0.170372,0.0172696,,0.470947,0.077424,1.94233,0.197572,,0.169003,0.205171,0.0108489,0.199153,0.537709,0.0465844,0.0745534,0.754291,0.0215366,,0.203356,0.921655,0.746824,
12-May-2022,0.00513596,0.516074,0.0612176,0.145741,0.539219,0.575363,0.000870563,0.110589,0.0313203,0.104931,0.780825,0.00966938,0.21645,0.00578246,0.000587483,2.44529,0.171028,0.0173403,0.0369201,0.472223,0.0758836,1.95115,0.197685,0.0143535,0.167224,0.206103,0.0114029,0.200058,0.539219,,0.0740391,0.753115,0.0216026,0.111092,0.204279,0.915901,0.750216,0.017968
13-May-2022,0.00513687,0.518345,0.0613928,0.147142,0.538745,0.58013,0.000865786,0.110791,0.0315401,,0.780373,0.00971429,0.220235,0.00582965,0.000584143,,0.170899,0.0173716,0.037303,0.468787,,,0.199216,0.0143443,0.167549,,0.0117818,,0.538745,0.0465847,0.0743921,0.751743,0.0216329,0.111295,,0.916722,0.751442,0.0181324
16-May-2022,0.00513328,0.516797,0.0609894,0.148081,,0.582074,0.000871245,0.110283,0.031641,0.105059,0.781834,,0.219414,0.00581758,0.000583341,2.44357,,0.0173579,0.0373628,0.470098,0.0765096,1.95105,0.198617,0.0143071,0.167506,0.206093,0.0118241,0.200047,,0.0461947,0.0745747,0.747151,,0.111315,0.204269,0.920317,0.750177,
17-May-2022,0.00512006,0.523286,0.0610886,0.150353,0.536961,0.581896,0.000870422,0.11058,0.0318426,0.105787,0.787207,0.00961746,0.222065,0.00577397,0.000582713,2.43378,0.169922,0.017275,0.0374081,0.472802,,1.94228,0.198883,0.0142371,0.168279,0.205166,0.0117528,0.199148,0.536961,0.0466756,0.0747665,0.750068,0.0215678,0.110598,0.203351,0.93093,0.746805,0.0183942
18-May-2022,0.00513312,0.525423,0.0614014,0.150643,0.538283,0.581712,0.00087799,0.110634,0.0318921,0.105624,0.786043,0.0096295,0.222712,0.00577663,0.000584854,2.43712,0.16998,0.0172636,0.0374118,0.474853,0.076969,1.94272,0.198347,0.0142422,0.168698,0.205213,0.0117515,0.199194,0.538283,0.0469532,0.0750684,0.7496,0.0215739,0.110753,0.203397,0.926325,0.746976,0.0184525
19-May-2022,0.00511896,0.521927,0.0610257,0.151658,0.537877,0.582431,0.000877793,0.110297,0.0317895,0.105505,0.785203,0.00960151,0.220005,0.00581025,0.000587754,2.43405,0.169465,0.0172346,0.037439,0.470077,0.076158,1.94028,0.199209,0.0142314,0.168668,0.204955,0.0119551,0.198943,0.537877,0.0466907,0.0743834,0.763833,0.0215431,0.110365,0.203141,0.927024,0.746036,0.0184978
20-May-2022,0.00511202,0.52364,0.0613641,0.15251,0.538561,0.579786,0.000882983,0.111448,0.0318957,0.105708,0.786725,0.00958725,0.221437,0.00582191,0.000583561,,0.169143,0.01718,0.0374418,0.474474,0.0766637,,0.199519,0.0141975,0.169695,,0.0126313,,0.538561,0.0470387,0.0749632,0.766219,0.0215928,0.110257,,0.928383,0.743807,0.0185054
23-May-2022,0.00509823,0.526938,0.0612736,0.154463,0.538768,,0.000888834,0.11111,0.0321103,0.10613,0.78974,0.00954921,0.220773,0.00579926,0.000583627,2.4205,0.168831,0.0170943,0.0373667,0.47789,0.0770325,1.92695,0.199653,0.0141745,0.17084,0.203548,0.0127286,0.197577,0.538768,0.0471651,0.0749951,0.766595,0.0216086,0.109933,0.201746,0.931996,0.740914,0.0185224
24-May-2022,0.0051001,0.524702,0.0612633,0.15401,0.539031,0.577569,0.000892959,0.11112,0.0322027,0.106722,0.794127,0.00954193,0.221197,0.00579331,0.000584357,2.42167,0.168726,0.0171025,0.03725,0.47655,0.0771825,1.92663,0.199513,0.0141778,0.171993,0.203514,0.0130034,0.197544,0.539031,0.0473413,0.0758121,0.766744,0.0216669,0.109939,0.201713,0.926839,0.74079,0.0185606
25-May-2022,0.00510152,0.527241,0.0616487,0.153426,0.540479,0.577909,0.000889533,0.111249,0.0320667,0.106246,0.790528,0.00957072,0.220858,0.00584281,0.000586777,2.42637,0.168893,0.0170991,0.0373966,0.480356,0.0769718,1.92942,,0.0141769,0.17225,0.203808,0.013177,0.19783,0.540479,0.0471976,0.0754477,0.769606,0.0216887,,0.202005,0.926623,0.741862,
26-May-2022,0.00509256,0.523369,,0.154435,0.538877,0.579024,0.000886594,0.110018,0.0321102,,0.792313,0.00954171,0.220246,0.00581022,0.000586311,2.42252,0.168434,0.0170231,0.0374211,0.479262,,1.92636,0.20254,0.014149,0.171499,0.203485,0.011937,0.197517,0.538877,0.0468871,,,0.0216007,0.110067,0.201685,0.934377,0.740687,0.018571
27-May-2022,0.00510831,0.528779,0.0615946,0.156281,0.540832,0.581889,0.000893444,0.11015,0.0321664,,0.794725,0.00954439,0.220927,0.00583584,0.000585289,,0.169129,0.0170294,,0.48212,0.0780747,,,0.0141509,0.172511,,0.0111623,,0.540832,0.0473841,0.0754366,0.772335,0.0216931,0.110013,,0.933295,0.74121,0.0186187
31-May-2022,0.00510046,0.532488,0.0619397,0.156696,,0.585788,0.000896697,0.111227,0.0321155,0.106693,0.793732,0.00953986,0.221961,0.00577929,0.000594722,2.42403,0.16933,0.0170443,0.0376208,0.483885,0.0786006,1.92693,0.200516,0.0141819,0.173713,0.203545,0.0120263,0.197575,0.540925,0.0473799,0.0755987,0.771736,0.0216709,0.110114,0.201744,0.932725,0.740905,0.0185681
01-Jun-2022,0.0050975,0.531301,0.0615948,0.155199,0.540046,0.586449,0.000899148,0.110806,0.0320844,0.106729,0.793987,0.00955721,0.222921,0.0057494,,2.42385,0.168957,0.0170518,0.0375511,0.483123,0.0790526,1.92773,0.199358,0.014142,0.173112,0.20363,0.0120575,0.197657,0.540046,0.0477341,0.0757685,0.770332,0.0215889,0.110124,0.201828,0.933187,0.741213,0.0185151
02-Jun-2022,0.00509418,0.530922,0.0617196,0.154956,0.53888,0.588888,0.000898873,0.111111,0.0321205,0.10662,0.793156,0.009561,0.222102,0.00570457,0.000599016,2.42386,0.168865,0.0170561,0.0379284,0.480107,0.0786512,1.92932,0.200114,0.0141404,0.172794,0.203797,0.0120475,0.197819,0.53888,0.0477518,0.0756321,0.773134,0.021574,0.110077,0.201994,,0.741822,0.0185414
03-Jun-2022,0.00509805,0.537327,0.0618996,0.154416,0.540063,0.588621,0.000907874,,0.0321519,0.106802,0.794477,0.00954165,,0.00570348,0.000591773,,0.168816,0.0169985,0.0378266,0.485386,0.0786374,,0.200007,0.0140819,0.173447,,0.0119489,,0.540063,0.047785,0.0763578,0.772001,,0.109789,,,0.740426,0.0185682
06-Jun-2022,0.00510064,0.533544,0.0617936,0.1549,0.538741,0.589725,0.000910928,0.111487,0.0321543,,0.794723,0.00953925,0.222368,0.00566678,,2.42174,,0.0169633,0.0378902,,,1.927,0.198961,0.0140272,0.173622,0.203552,0.0121247,0.197582,0.538741,0.0483998,,,0.0215443,0.109891,0.201751,0.930165,0.740931,0.0186684
07-Jun-2022,0.00510678,0.533699,0.0618695,0.152061,0.539249,0.592293,0.000909087,0.111575,0.03205,0.106573,0.792852,0.00956751,0.222775,0.00562372,0.000599165,2.42895,0.169121,0.0170141,0.0379404,0.48105,0.0778501,1.934,0.198459,0.0140529,0.173198,0.204292,0.0121993,0.1983,0.539249,0.0483097,0.0757116,0.761715,0.0215787,0.11002,0.202484,0.929233,0.743624,0.0187561
08-Jun-2022,0.00510289,0.535243,0.062056,0.152589,0.54046,0.592652,0.000896496,0.111299,0.0323913,0.107293,0.798107,0.00956172,0.222577,0.00559207,0.000591191,2.42752,0.169194,0.0169811,0.037937,0.481101,0.0787123,1.93286,0.19813,0.014043,0.173221,0.204172,0.0123395,0.198183,0.54046,0.0484534,0.0757827,0.760331,0.0215529,0.109832,0.202365,0.931732,0.743186,0.0188244
09-Jun-2022,0.00510507,0.532984,0.0622409,0.151748,0.539855,0.587419,0.000903941,0.111073,0.0323138,0.10726,0.797917,0.00954828,0.222508,0.00552464,0.00059163,2.42604,0.16911,0.016921,0.0378698,0.478059,0.0783671,1.93168,0.198115,0.0140406,0.173682,0.204047,0.0127203,0.198062,0.539855,0.0486078,0.0755646,0.759634,0.0215179,0.109743,0.202242,0.930903,0.742732,0.0188626
10-Jun-2022,0.00511473,0.531484,0.0621719,0.149781,0.54045,0.584144,0.000902285,0.111589,0.0319572,0.106132,0.789501,0.0095884,,0.00556156,0.00059348,,0.169666,0.016979,0.0374497,0.477447,0.0777873,,0.198237,0.0140969,0.172119,,0.0129177,,0.54045,0.0477656,0.075409,0.760429,0.0215276,0.110457,,0.928622,0.746361,0.0188594
13-Jun-2022,0.00513272,,0.0612933,0.146248,0.540119,,0.0008957,0.111533,0.0317621,0.105558,0.78532,0.00961242,,0.00556402,,2.44991,0.170134,0.0170247,0.0367259,0.47506,0.0760805,,,0.0141856,0.169907,0.206358,,0.200305,0.540119,0.0467782,0.0746099,0.756629,0.0215771,0.111093,,0.916357,0.751143,0.0187331
14-Jun-2022,0.00514061,0.524069,0.0613896,,0.540191,,0.000871421,0.11176,0.0317584,,0.786329,0.00964499,,0.00560933,,2.45296,0.170055,0.0170433,0.0364175,,,,,,0.169145,0.206682,0.0131773,0.20062,0.540191,0.046849,0.0742435,0.756751,0.0215251,,0.204853,0.909259,0.752324,
15-Jun-2022,0.00513993,0.518539,0.0613447,,0.539445,,0.000866246,0.111732,0.0316963,0.105282,0.783215,0.00961701,0.217387,0.00556229,,2.44697,0.169903,0.0169996,0.0363301,0.468345,0.075405,1.9528,0.201896,0.0140944,0.168902,0.206278,0.0132513,0.200227,0.539445,0.0468962,0.0740778,0.751943,0.0214046,,0.204453,0.907856,0.750853,0.018732
16-Jun-2022,0.0051322,0.526496,,,0.542041,,0.000870704,0.11205,,,0.782335,0.0096335,,0.0056029,,2.45271,0.170992,0.0170052,0.036565,,0.0748019,1.95642,,0.0140949,,0.206661,,0.200599,0.542041,,0.073259,,0.0215155,,0.204832,0.909201,0.752245,
17-Jun-2022,0.00513637,0.52515,0.0612626,,0.540393,,0.000861216,0.111759,0.0317357,,0.785329,0.00959092,0.216454,0.00562261,,,0.170134,0.0168758,,0.475122,,,,,0.167809,,,,0.540393,0.0469878,0.0736767,0.776617,0.0212595,,,0.921185,0.748931,
21-Jun-2022,0.00513956,0.52102,0.0610851,0.145482,0.540305,0.579002,,0.111785,0.0319966,0.106161,0.789765,0.00958675,0.216732,0.00553733,,,0.170173,0.0168367,0.0370658,0.47457,0.0764657,1.94692,0.201397,0.0138615,0.170456,0.205657,0.0136834,0.199625,0.540305,0.0470091,0.0742857,0.774459,0.0211556,0.110626,0.203837,0.91957,0.748592,0.0188022
22-Jun-2022,0.00513786,0.51872,0.0611936,0.145607,0.540367,0.579448,0.00085139,0.111584,0.0319333,0.106066,0.788992,0.00958837,0.21649,0.00549513,,2.44633,0.170359,0.0168083,0.0374091,0.472075,0.07511,1.95038,0.201375,0.0138344,0.169137,0.206022,0.0140754,0.199979,0.540367,0.0469635,0.0737857,0.776959,0.02114,0.11082,0.204199,0.918578,0.749921,0.0188233
23-Jun-2022,0.00514059,0.517326,0.0613471,0.144705,0.540165,0.577696,0.000845851,0.1118,0.031793,0.105788,0.786938,0.00958223,0.21757,0.00554708,0.000578811,2.44847,0.170214,0.0167759,0.0374299,0.469478,0.0751257,1.95049,0.200151,0.0137649,0.167101,0.206034,0.0140554,0.199991,0.540165,0.0468241,0.0737472,0.776643,0.0211669,0.110765,0.204211,0.915932,0.749965,0.0188803
24-Jun-2022,0.00513324,0.517069,0.061228,0.143042,0.538999,0.578758,0.000832786,0.111788,0.03185,0.10588,0.78773,0.00955573,0.217463,0.00553671,0.000575466,,0.169884,0.0167251,0.0376689,,0.0754925,,0.198333,0.0137364,0.167616,,0.0140371,,0.538999,0.0470201,,0.782017,0.021061,0.110395,,0.921077,0.748508,0.0188465
27-Jun-2022,0.00513948,0.518119,0.0613818,0.143205,0.539506,0.580156,,0.111819,0.0319617,0.106227,0.790412,0.00954983,0.22009,0.00555458,0.000575379,2.4409,0.169688,0.0166627,0.0376086,0.471653,0.0759426,1.94447,0.197633,0.0136335,0.168507,0.205398,0.0140103,0.199373,0.539506,0.0470122,0.0742435,0.780181,0.0211104,0.110496,0.20358,0.917699,0.747647,0.0189383
28-Jun-2022,0.00514326,0.51844,0.0614375,0.143431,0.540112,0.58172,0.000820991,0.111912,0.0319578,0.106233,0.790306,0.00950899,0.21779,0.00552473,0.000582082,2.44311,,0.016661,0.0374449,0.471183,0.0764541,1.94623,0.198495,0.0136104,0.168629,0.205584,0.0141274,0.199553,0.540112,0.046786,0.0744535,0.782767,0.0212237,0.110763,0.203764,0.916025,0.748325,0.0191515
29-Jun-2022,0.00514234,0.517525,0.0610706,0.143556,0.540684,0.582585,0.000828716,0.111938,0.0318958,0.106065,0.789041,0.00950438,0.217465,0.00551211,0.0005839,2.44821,,0.0166767,0.0372439,0.469021,0.076558,1.95124,,0.0137015,0.168471,0.206113,0.0146654,0.200067,0.540684,0.0466401,0.0737335,0.78891,0.0213906,0.110979,0.204289,0.91212,0.750253,0.0190091
30-Jun-2022,0.00514884,0.518835,0.0609287,0.1438,0.541124,0.584461,0.000818653,0.112496,0.0316165,0.105157,0.782282,0.00954036,0.215182,0.00551223,0.000582517,2.45561,,0.016627,0.0374071,0.467961,0.0755941,1.95874,0.197156,0.0136882,0.168017,0.206905,0.0143421,0.200836,0.541124,0.0460287,0.0736967,0.785089,0.0213432,0.111524,0.205074,0.911972,0.753136,0.0188931
01-Jul-2022,0.00514497,0.513575,,0.141512,0.539838,,0.000806733,0.11216,0.0316646,0.105376,0.783897,0.00950692,0.213256,0.00552978,0.000578504,,0.170547,0.0165484,0.0368929,0.468496,0.0756289,,0.195665,0.0136791,0.166705,,0.013985,,0.539838,0.0458053,0.0730713,0.782985,0.0211594,0.111285,,0.906539,0.75194,0.0188197
05-Jul-2022,,0.519371,0.061058,0.140216,0.541154,0.579589,0.00081471,0.112825,,0.10452,0.777582,0.00955586,0.214739,0.00555108,0.000582224,2.46306,0.171082,0.0165752,0.0367546,0.470366,0.0756038,1.96533,0.195972,0.013717,0.164465,0.207601,0.0129148,,0.541154,0.0460089,0.0727646,0.783157,0.0211648,0.111861,0.205764,0.90854,0.755668,0.018808
06-Jul-2022,0.00516488,0.514421,0.0605112,0.139609,0.54009,0.581196,0.00079945,0.113059,,0.10372,0.771708,0.00955839,0.215851,0.00558878,0.000584196,2.46878,0.171364,0.0166504,0.0365919,0.468242,0.0750667,1.97214,0.195535,0.013766,0.162041,0.20832,0.0120533,,0.54009,0.04532,0.072281,0.78037,0.0210536,0.112372,0.206477,0.903763,0.758286,0.0188497
07-Jul-2022,0.0051519,0.517256,0.0602024,0.141369,0.541004,0.583873,0.000779529,0.113,0.0311459,0.103739,0.771865,0.00959483,0.217192,0.00558745,0.000579943,2.46735,0.17131,0.0166247,0.0368027,0.4671,0.0750042,1.97196,0.195366,0.0136434,0.161223,0.208301,0.012008,,0.541004,0.045341,0.0719747,0.779297,0.020951,0.112048,0.206458,0.909102,0.758217,0.0188307
08-Jul-2022,0.00516828,0.518143,0.060288,0.143047,,,0.00079118,0.113245,0.0313447,0.103686,0.771672,0.00958102,0.218188,0.00558223,0.000582863,,0.171573,0.0166338,0.0371433,0.469548,0.0751896,,0.194841,0.0135809,0.160131,,0.0123933,,0.541696,0.0448574,0.0717135,0.777409,0.0210991,0.112194,,0.910205,0.759295,0.018842
11-Jul-2022,0.00518099,0.518142,0.0600049,0.14223,,0.585015,0.000786684,0.113353,0.0312315,0.103202,0.767972,0.00957714,0.218917,0.00557361,0.00058533,,,0.0167117,0.0366563,0.469126,0.074568,,0.193615,0.0135877,0.160393,,0.0124056,,,,0.0717843,0.775763,0.0211185,0.112481,,0.909429,0.760519,0.0187569
12-Jul-2022,0.00518826,0.513083,0.0597834,0.141094,0.542733,0.586644,0.000771268,0.113357,0.0311945,0.103043,0.766724,0.00958709,0.21915,0.00556702,0.00058705,,0.172099,0.0169039,0.0367284,0.467158,0.0746176,,0.192564,,0.15813,,0.012973,,0.542733,0.0446776,0.0716662,0.774947,0.0210312,0.113656,0.207901,0.904424,0.763517,0.0186196
13-Jul-2022,0.00518589,0.516089,0.0599093,0.141183,0.542032,0.587396,0.000755549,0.113423,0.0314389,0.103111,0.767312,0.00956832,,0.00555867,0.000580551,,0.171997,,0.0367128,0.46746,0.0749125,1.98233,,0.013534,0.158065,0.209397,0.013022,,0.542032,,0.0718546,0.779789,,0.112772,0.207544,0.908167,0.762205,0.0185569
14-Jul-2022,0.00520054,0.516782,0.0600376,0.140173,0.548015,0.582136,0.000757118,0.113502,0.031346,0.102814,0.765192,0.00957557,0.220279,0.0055421,0.000585657,2.48476,0.172196,0.0170297,0.0365213,0.467567,0.0746265,1.9891,0.193574,0.0135751,0.158431,0.210113,0.0131283,,0.548015,0.0451719,0.0722173,0.777206,0.0210326,0.11325,0.208253,0.904464,0.76481,0.018231
15-Jul-2022,,,,,,,,0.112898,,,0.768269,,,0.00549865,,,,,,,,,,,,,,,,,,0.779668,,,,0.904257,0.763763,
18-Jul-2022,0.00520237,0.517152,,0.141664,0.544078,0.58719,0.000769357,0.112761,0.0314262,0.103479,0.770254,0.00951607,0.220056,,0.00057437,2.47089,0.170879,0.016854,0.0372772,0.471078,0.0751078,1.97736,0.19575,0.0134878,0.161243,0.208872,0.0134419,0.202745,0.544078,0.0442868,0.0730588,0.77883,0.0207719,0.112624,0.207024,0.911136,0.760294,
19-Jul-2022,0.00520461,0.518987,,0.14055,0.54222,0.587054,0.000805117,0.112331,0.0316035,0.104245,0.776095,0.00947537,0.220534,0.00548065,0.000574848,2.46353,0.169965,0.016791,0.0370601,0.465808,0.0762668,1.97018,0.195948,0.0134455,0.162582,0.208114,0.0136648,0.202009,0.54222,0.044471,0.0734857,0.78278,0.0206655,0.112023,0.206272,0.910936,0.757535,0.0180396
20-Jul-2022,0.00521678,0.525055,0.0596308,0.139941,0.545984,0.58959,0.000816954,0.112486,0.0316353,0.10406,0.774745,0.00949846,0.220374,0.00549857,0.000577708,2.47315,0.170741,0.0168307,0.0370708,0.47397,0.0764629,1.97563,0.195881,0.0134841,0.163277,0.208689,0.0138494,0.202567,0.545984,0.044507,0.0744675,0.78288,0.0207232,0.112251,0.206842,0.910148,0.759628,0.0181538
21-Jul-2022,0.00520987,0.525364,0.0596071,0.138882,0.546032,0.589604,0.00082647,0.112398,0.0317279,0.10416,0.775425,0.0095065,0.220056,0.00549148,0.000580999,2.47452,0.170604,0.0168906,0.0368071,0.473094,0.0762086,1.97736,,0.0135099,0.162867,0.208872,0.0134617,0.202745,0.546032,0.0442701,0.074395,0.781674,0.0206692,0.112207,0.207024,0.909465,0.760295,
22-Jul-2022,0.00520496,0.52501,0.0597535,0.13945,0.546451,0.590419,0.000819656,0.112311,0.0315904,0.104062,0.774667,0.00951348,0.220931,0.00553614,0.000579394,,0.170722,0.0169109,0.0370569,0.474265,0.0763238,,0.19443,0.0134923,0.162025,,0.0132462,,0.546451,0.0450246,0.074158,0.787388,0.0206358,0.112185,,0.908771,0.760223,
25-Jul-2022,0.00519666,0.523469,0.0598553,0.13995,0.545866,0.589528,0.000812219,0.11217,0.0316193,0.10417,0.775543,0.00948871,0.220251,0.00554657,0.000577618,2.46755,0.170051,0.0168314,0.037022,0.472099,0.0770123,1.97051,0.193775,0.0134511,0.164099,0.208149,0.0131124,0.202043,0.545866,0.0451948,0.0742202,0.786323,0.0206369,0.112178,0.206307,0.913058,0.757662,0.0181798
26-Jul-2022,0.00521922,0.529069,0.0602718,0.141795,0.548336,0.589962,0.000807677,0.11248,0.031261,0.103356,0.769473,0.00952503,0.220624,0.00557016,0.000579747,2.47532,0.170529,0.0168724,0.0371971,0.47674,0.0768665,1.97672,0.194336,0.0135278,0.164434,0.208804,0.0129567,0.202679,0.548336,0.0450808,0.0745211,0.787859,0.0207278,0.112466,0.206957,0.911982,0.760048,0.0182401
27-Jul-2022,0.005198,0.527045,0.0598432,0.143105,0.546707,0.589987,0.000823642,0.112352,0.0313659,0.103562,0.770974,0.00950516,0.221602,0.0055437,0.000579718,2.4717,0.170276,0.0168368,0.0370237,0.473771,0.07744,1.97511,0.19393,0.0136473,0.161094,0.208635,0.012611,0.202515,0.546707,0.0450173,0.0737799,0.789922,0.0206244,0.11256,0.206789,0.915912,0.759431,0.0182934
28-Jul-2022,0.00521221,0.531241,0.0603682,0.145628,0.549496,0.591624,0.00082494,0.112613,0.0312541,0.10325,0.768613,0.00952241,0.221191,0.00561234,0.000578419,2.47426,0.170449,0.0168261,0.0372635,0.475808,0.077651,1.9749,,0.0136488,0.161729,0.208612,0.0126131,0.202493,0.549496,0.0452405,0.0742952,0.789755,,0.11258,0.206766,0.920331,0.759349,0.0185171
29-Jul-2022,0.00519405,0.52939,0.0605168,0.145633,,0.589142,0.000828944,0.112284,0.0313037,0.103505,0.770475,0.00951288,0.2228,0.00568057,0.000579383,,0.169836,0.0167375,0.0371288,0.475597,,1.96493,,,0.16295,,0.0123229,,0.548071,0.0457235,0.0745364,0.793943,,0.111956,,0.92037,0.755516,0.0184569
01-Aug-2022,0.00519042,,0.0600869,0.146291,0.546882,,0.000834008,0.111795,0.0313585,0.103744,0.772449,0.00953481,0.2232,0.00569706,0.000581288,2.46204,0.169575,0.0166798,0.0372526,0.474996,0.0783116,1.96323,0.194301,0.0136449,0.163072,0.207379,0.0121652,0.201296,0.546882,0.0457461,0.0742542,,0.0208485,,0.205544,0.924252,0.754861,0.0185638
02-Aug-2022,0.00519362,0.525337,0.0604183,0.14434,0.5485,0.587453,0.000845541,0.111709,0.0313217,0.103739,0.772146,0.00960751,0.224303,0.00577172,0.000578099,2.46565,0.169467,0.0167504,0.0368131,0.477909,0.0777553,1.96418,0.192956,0.0136333,0.164237,0.20748,0.0125538,0.201394,0.5485,0.0455153,0.0742291,0.7926,0.020928,0.11227,0.205644,0.921644,0.755229,0.0184144
03-Aug-2022,0.00519403,0.524897,0.060105,0.143261,0.548146,0.58896,0.000843706,0.112089,0.0312909,0.103682,0.771676,0.00960127,0.224893,0.00565974,0.000579093,2.46898,0.169843,0.0167809,0.0366928,0.471945,0.0781498,1.96876,0.193406,0.0136658,0.163978,0.207964,0.0125668,0.201864,0.548146,0.0450852,0.0740637,0.789683,0.0209131,0.112057,0.206124,0.922165,0.75699,0.0185056
04-Aug-2022,0.00522993,0.527244,0.0599124,0.144539,0.548502,0.589253,0.000834335,0.112133,0.031265,0.103612,0.771135,0.00952226,0.226097,0.00566851,0.000577967,2.4692,0.170044,0.0167276,0.0372459,0.475891,0.0778412,1.9699,0.194962,0.0136047,0.16345,0.208084,0.0125697,0.20198,0.548502,0.0452346,0.0742596,0.789438,0.0209517,0.112067,0.206243,0.921977,0.757426,0.018631
05-Aug-2022,0.00524413,0.526801,0.0601799,0.144947,0.54952,0.584528,0.000836399,0.112052,0.0314684,0.103963,0.773644,0.00955598,0.226695,0.005684,0.000577254,,0.169723,0.0166586,0.0370584,0.475845,0.0775041,,0.194053,0.0135703,0.164268,,0.0125233,,0.54952,0.0454106,0.0746482,0.791363,0.0212046,0.111766,,0.917895,0.756029,0.0186159
08-Aug-2022,,0.52582,0.0599573,0.147927,0.548516,0.589557,0.000828871,0.112169,0.0315318,0.103902,0.773078,0.00952511,0.227831,0.00559818,0.000583386,2.47024,0.169916,0.016697,0.0373785,0.473633,0.0777709,1.97138,0.193811,0.0137084,0.164328,0.20824,0.012567,0.202132,0.548516,0.0455701,0.0745653,0.791639,0.0211831,0.112027,0.206397,0.917628,0.757994,0.0188659
09-Aug-2022,0.00527221,0.528132,0.0601199,0.147834,,0.587871,0.00083571,0.112085,0.0315899,0.104142,0.774896,,0.228962,0.00561455,0.000580302,2.46758,0.169931,0.0167401,0.0373518,0.475205,0.0779848,1.96925,,0.0136198,0.164894,0.208016,0.0125399,0.201914,,,0.0745863,0.794354,0.0213404,,0.206175,0.916753,0.757178,0.0189233
